"InstanceName","Solver","ActualRuntime","PredictedRuntime","Prediction_StandardError"
"10tree430p.wcnf","MaxHS",24.66,1091.97233638657,95.3919675735776
"10tree430p.wcnf","maxino2018",6.7,1412.99826963403,67.4074408557196
"10tree430p.wcnf","Open.WBO.g",35.71,1565.09118902007,522.47767149247
"10tree430p.wcnf","Open.WBO.ms",79.67,1903.07978678049,202.367148055608
"10tree430p.wcnf","Open.WBO.ms.pre",15.09,1615.67867112523,140.397842590052
"10tree430p.wcnf","QMaxSAT2018",29.53,2177.28608306505,237.468950449731
"10tree430p.wcnf","UWrMaxSat.1.0",4.21,1650.34656764236,125.563801355685
