"InstanceName","Solver","ActualRuntime","PredictedRuntime","Prediction_StandardError"
"10tree1020p.wcnf","MaxHS",30.22,620.468906402326,291.004760936698
"10tree1020p.wcnf","maxino2018",13.5,498.140465797621,408.945087406485
"10tree1020p.wcnf","Open.WBO.g",16.36,463.409541330422,321.181147911409
"10tree1020p.wcnf","Open.WBO.ms",36.06,363.692025836569,283.5509190765
"10tree1020p.wcnf","Open.WBO.ms.pre",24.17,490.513243658322,375.583238840786
"10tree1020p.wcnf","QMaxSAT2018",36.48,312.6865163102,397.843207565813
"10tree1020p.wcnf","UWrMaxSat.1.0",31.19,533.731356014975,386.934655520613
