"InstanceName","Solver","ActualRuntime","PredictedRuntime","Prediction_StandardError"
"10tree320p.wcnf","MaxHS",10.58,869.028253580071,488.973350634166
"10tree320p.wcnf","maxino2018",3.74,1133.09572798769,411.497175798222
"10tree320p.wcnf","Open.WBO.g",6.7,1534.80627843102,584.171580018792
"10tree320p.wcnf","Open.WBO.ms",17.78,979.346682957983,286.767508955966
"10tree320p.wcnf","Open.WBO.ms.pre",7.68,1209.73111902194,404.887701492095
"10tree320p.wcnf","QMaxSAT2018",10.62,1360.97068672489,408.791967905373
"10tree320p.wcnf","UWrMaxSat.1.0",1.94,1139.02823338335,506.484868062512
