"InstanceName","Solver","ActualRuntime","PredictedRuntime","Prediction_StandardError"
"10tree115p.wcnf","MaxHS",6.66,1124.36161829608,108.426844911647
"10tree115p.wcnf","maxino2018",3.86,1034.39273461236,107.748547830671
"10tree115p.wcnf","Open.WBO.g",3.68,1068.3528636018,81.6156138458106
"10tree115p.wcnf","Open.WBO.ms",13.58,998.059237679061,130.020351848148
"10tree115p.wcnf","Open.WBO.ms.pre",11.7,636.300047021804,107.346024316625
"10tree115p.wcnf","QMaxSAT2018",11.33,977.426515289028,158.009936573906
"10tree115p.wcnf","UWrMaxSat.1.0",3.5,803.286529904506,102.427326611404
