"InstanceName","Solver","ActualRuntime","PredictedRuntime","Prediction_StandardError"
"10tree315p.wcnf","MaxHS",15.55,704.643151597294,128.809252871412
"10tree315p.wcnf","maxino2018",4.92,649.810637959997,106.718699257752
"10tree315p.wcnf","Open.WBO.g",6.9,599.63080608919,133.288506348654
"10tree315p.wcnf","Open.WBO.ms",14.72,574.110729552438,137.984227712459
"10tree315p.wcnf","Open.WBO.ms.pre",11.39,455.480566620435,142.580277580816
"10tree315p.wcnf","QMaxSAT2018",11.24,664.123819429756,132.301288912119
"10tree315p.wcnf","UWrMaxSat.1.0",8.06,659.115771733423,131.146437990642
