"InstanceName","Solver","ActualRuntime","PredictedRuntime","Prediction_StandardError"
"10tree125p.wcnf","MaxHS",50.7,1124.36161829608,108.426844911647
"10tree125p.wcnf","maxino2018",19.4,1034.39273461236,107.748547830671
"10tree125p.wcnf","Open.WBO.g",33.87,1021.0876881632,77.4307577220551
"10tree125p.wcnf","Open.WBO.ms",57.92,998.759856100114,129.871934563514
"10tree125p.wcnf","Open.WBO.ms.pre",23.13,636.300047021804,107.346024316625
"10tree125p.wcnf","QMaxSAT2018",48.14,978.268719236396,157.858885730505
"10tree125p.wcnf","UWrMaxSat.1.0",119.23,811.714175261213,100.064923947705
