"InstanceName","Solver","ActualRuntime","PredictedRuntime","Prediction_StandardError"
"10tree730p.wcnf","MaxHS",107.24,1313.25496262948,71.6364928855601
"10tree730p.wcnf","maxino2018",66.33,1119.83083272042,55.8227382638207
"10tree730p.wcnf","Open.WBO.g",77.82,1199.63178848651,96.7537906693788
"10tree730p.wcnf","Open.WBO.ms",135.43,1151.50812025929,79.6175121399185
"10tree730p.wcnf","Open.WBO.ms.pre",63.4,944.772507308217,62.2994268457969
"10tree730p.wcnf","QMaxSAT2018",88.28,1153.71409323576,156.25967124582
"10tree730p.wcnf","UWrMaxSat.1.0",387.11,1052.89790551107,60.0996832548982
