"InstanceName","Solver","ActualRuntime","PredictedRuntime","Prediction_StandardError"
"10tree425p.wcnf","MaxHS",44.3,1313.25496262948,71.6364928855601
"10tree425p.wcnf","maxino2018",21.88,1119.83083272042,55.8227382638207
"10tree425p.wcnf","Open.WBO.g",20.7,1140.58313291642,79.0684045842379
"10tree425p.wcnf","Open.WBO.ms",41.81,1108.34528956232,154.177398420614
"10tree425p.wcnf","Open.WBO.ms.pre",27.74,944.772507308217,62.2994268457969
"10tree425p.wcnf","QMaxSAT2018",40.6,1148.10362819151,138.28381331595
"10tree425p.wcnf","UWrMaxSat.1.0",56.37,1030.34873102547,62.0527108630581
