"InstanceName","Solver","ActualRuntime","PredictedRuntime","Prediction_StandardError"
"10tree825p.wcnf","MaxHS",10.35,1423.71220368825,143.492601331183
"10tree825p.wcnf","maxino2018",3.6,1429.63595793279,105.768935345343
"10tree825p.wcnf","Open.WBO.g",14.78,1637.53911283496,676.79436092661
"10tree825p.wcnf","Open.WBO.ms",32.73,1517.66216485946,134.32319724527
"10tree825p.wcnf","Open.WBO.ms.pre",17.35,1485.34765664582,853.431369987839
"10tree825p.wcnf","QMaxSAT2018",15.33,1853.64710328524,279.318342434945
"10tree825p.wcnf","UWrMaxSat.1.0",2.48,1254.80796264459,575.416761534249
