"InstanceName","Solver","ActualRuntime","PredictedRuntime","Prediction_StandardError"
"15tree101p.wcnf","MaxHS",2.93,842.237465612131,154.786307563217
"15tree101p.wcnf","maxino2018",3.84,933.01862662352,119.054000957601
"15tree101p.wcnf","Open.WBO.g",2.45,891.386958641566,163.445011043271
"15tree101p.wcnf","Open.WBO.ms",13.87,859.570111145667,108.211603699201
"15tree101p.wcnf","Open.WBO.ms.pre",21.59,871.935660955263,145.150526723886
"15tree101p.wcnf","QMaxSAT2018",36.66,1343.94695488477,431.031434243954
"15tree101p.wcnf","UWrMaxSat.1.0",5.04,928.842654188688,314.125406893599
