"InstanceName","Solver","ActualRuntime","PredictedRuntime","Prediction_StandardError"
"15tree701p.wcnf","MaxHS",22.89,1002.12834325324,121.178189875253
"15tree701p.wcnf","maxino2018",9.44,1041.94764978955,74.4166117592196
"15tree701p.wcnf","Open.WBO.g",13.74,1230.63633142725,72.9249354064882
"15tree701p.wcnf","Open.WBO.ms",40.78,1263.29939331505,277.148027408734
"15tree701p.wcnf","Open.WBO.ms.pre",46.09,1004.53426219388,59.2498160599078
"15tree701p.wcnf","QMaxSAT2018",251.3,1484.45161782453,100.93613559565
"15tree701p.wcnf","UWrMaxSat.1.0",18.95,1062.35860378071,105.857587817025
