"InstanceName","Solver","ActualRuntime","PredictedRuntime","Prediction_StandardError"
"15tree201p.wcnf","MaxHS",2.68,1152.3254856952,84.1246060469159
"15tree201p.wcnf","maxino2018",3.43,1088.19741313424,55.9160940455439
"15tree201p.wcnf","Open.WBO.g",3,1104.27079766343,81.8405015876324
"15tree201p.wcnf","Open.WBO.ms",15.06,1090.93018366444,77.4868785080235
"15tree201p.wcnf","Open.WBO.ms.pre",22.03,1062.16411449384,58.9402481915084
"15tree201p.wcnf","QMaxSAT2018",80.31,1338.33875068128,158.833882156185
"15tree201p.wcnf","UWrMaxSat.1.0",4.92,1036.32716406841,60.4837837589698
