"InstanceName","Solver","ActualRuntime","PredictedRuntime","Prediction_StandardError"
"15tree501p.wcnf","MaxHS",17.07,515.333549130679,187.786910956556
"15tree501p.wcnf","maxino2018",10.12,576.861391497797,235.798374991423
"15tree501p.wcnf","Open.WBO.g",13.33,814.505434230134,176.958853027642
"15tree501p.wcnf","Open.WBO.ms",48.98,436.172619987007,241.223510733457
"15tree501p.wcnf","Open.WBO.ms.pre",45.4,500.149489399779,226.436253009168
"15tree501p.wcnf","QMaxSAT2018",21.43,742.605918936223,261.270479725951
"15tree501p.wcnf","UWrMaxSat.1.0",24.9,633.434819944639,176.154640169022
