"InstanceName","Solver","ActualRuntime","PredictedRuntime","Prediction_StandardError"
"1bpi_2knt_gwcnft.wcnf","MaxHS",3600,2194.83435867858,185.51201747482
"1bpi_2knt_gwcnft.wcnf","maxino2018",289.51,1575.57729843807,214.602076615325
"1bpi_2knt_gwcnft.wcnf","Open.WBO.g",566.19,1709.34904558855,110.103681108942
"1bpi_2knt_gwcnft.wcnf","Open.WBO.ms",128.91,1543.27898616088,157.321172080462
"1bpi_2knt_gwcnft.wcnf","Open.WBO.ms.pre",366.72,1388.94951989782,67.7062500710917
"1bpi_2knt_gwcnft.wcnf","QMaxSAT2018",71.81,1788.3293313661,133.124582742335
"1bpi_2knt_gwcnft.wcnf","UWrMaxSat.1.0",373.18,1606.04915242022,157.267653272427
