"InstanceName","Solver","ActualRuntime","PredictedRuntime","Prediction_StandardError"
"2c3aece6-c8b2-11df-a040-00163e3d3b7c_l3.wcnf","MaxHS",5.58,1350.29550028903,138.983244655741
"2c3aece6-c8b2-11df-a040-00163e3d3b7c_l3.wcnf","maxino2018",14.66,1390.87687305952,211.48707259851
"2c3aece6-c8b2-11df-a040-00163e3d3b7c_l3.wcnf","Open.WBO.g",10.3,1346.74462581798,286.760579153307
"2c3aece6-c8b2-11df-a040-00163e3d3b7c_l3.wcnf","Open.WBO.ms",26.61,1491.59023760628,398.289857456843
"2c3aece6-c8b2-11df-a040-00163e3d3b7c_l3.wcnf","Open.WBO.ms.pre",14.56,2015.79360964373,1031.37217298305
"2c3aece6-c8b2-11df-a040-00163e3d3b7c_l3.wcnf","QMaxSAT2018",8.35,1228.56124341778,588.025357572697
"2c3aece6-c8b2-11df-a040-00163e3d3b7c_l3.wcnf","UWrMaxSat.1.0",5.99,2049.64874394221,194.657244444336
