"InstanceName","Solver","ActualRuntime","PredictedRuntime","Prediction_StandardError"
"3ebx_1era_gwcnft.wcnf","MaxHS",3600,2089.79799159225,174.195395199733
"3ebx_1era_gwcnft.wcnf","maxino2018",625.89,1508.92261668227,145.367410536648
"3ebx_1era_gwcnft.wcnf","Open.WBO.g",529.53,1556.25756550606,158.550368392616
"3ebx_1era_gwcnft.wcnf","Open.WBO.ms",354.14,1502.74779964414,114.208517504547
"3ebx_1era_gwcnft.wcnf","Open.WBO.ms.pre",340.84,1318.5644798801,118.51651344418
"3ebx_1era_gwcnft.wcnf","QMaxSAT2018",100.68,1854.43067212767,155.38744860422
"3ebx_1era_gwcnft.wcnf","UWrMaxSat.1.0",369.67,1454.53366355482,128.166649829616
