"InstanceName","Solver","ActualRuntime","PredictedRuntime","Prediction_StandardError"
"7f80e4f0-4fe9-11e0-acd7-00163e1e087d_l3.wcnf","MaxHS",38.79,217.340227755173,52.1389628333379
"7f80e4f0-4fe9-11e0-acd7-00163e1e087d_l3.wcnf","maxino2018",4.27,196.872241116628,63.601452654018
"7f80e4f0-4fe9-11e0-acd7-00163e1e087d_l3.wcnf","Open.WBO.g",3.67,472.98553275555,70.7669007188414
"7f80e4f0-4fe9-11e0-acd7-00163e1e087d_l3.wcnf","Open.WBO.ms",11.83,345.942332380657,69.5715901698888
"7f80e4f0-4fe9-11e0-acd7-00163e1e087d_l3.wcnf","Open.WBO.ms.pre",12.17,1667.82075690509,965.005034087308
"7f80e4f0-4fe9-11e0-acd7-00163e1e087d_l3.wcnf","QMaxSAT2018",7.15,2223.60268665387,393.506883425218
"7f80e4f0-4fe9-11e0-acd7-00163e1e087d_l3.wcnf","UWrMaxSat.1.0",5.93,154.751635277865,60.5001913816706
