"InstanceName","Solver","ActualRuntime","PredictedRuntime","Prediction_StandardError"
"AES1-40-6.wcnf","MaxHS",2.4,1083.55743930439,53.8571242534322
"AES1-40-6.wcnf","maxino2018",0.9,1151.15779708148,63.9318783570699
"AES1-40-6.wcnf","Open.WBO.g",20.31,1265.23529934873,74.171011658571
"AES1-40-6.wcnf","Open.WBO.ms",30.24,1210.77075989344,70.3092057505936
"AES1-40-6.wcnf","Open.WBO.ms.pre",31.6,1087.8628599234,62.8846508972563
"AES1-40-6.wcnf","QMaxSAT2018",3600,2358.0359308093,91.6099223982295
"AES1-40-6.wcnf","UWrMaxSat.1.0",1.03,1069.84671387798,70.615567242562
