"InstanceName","Solver","ActualRuntime","PredictedRuntime","Prediction_StandardError"
"AES1-70-24.wcnf","MaxHS",110.88,946.508253865623,276.526561396056
"AES1-70-24.wcnf","maxino2018",2.81,595.214214359156,81.8773494647936
"AES1-70-24.wcnf","Open.WBO.g",27.09,807.743174247675,192.581253920879
"AES1-70-24.wcnf","Open.WBO.ms",37.7,721.480118924643,124.026976531052
"AES1-70-24.wcnf","Open.WBO.ms.pre",30.54,401.132271106744,108.109713690377
"AES1-70-24.wcnf","QMaxSAT2018",3600,3172.74689158198,102.031672294563
"AES1-70-24.wcnf","UWrMaxSat.1.0",2.72,667.596493564578,148.635218087074
