"InstanceName","Solver","ActualRuntime","PredictedRuntime","Prediction_StandardError"
"AES1-30-5.wcnf","MaxHS",2.39,1083.55743930439,53.8571242534322
"AES1-30-5.wcnf","maxino2018",0.69,1151.15779708148,63.9318783570699
"AES1-30-5.wcnf","Open.WBO.g",15.19,1265.23529934873,74.171011658571
"AES1-30-5.wcnf","Open.WBO.ms",25.5,1210.77075989344,70.3092057505936
"AES1-30-5.wcnf","Open.WBO.ms.pre",25.4,1087.8628599234,62.8846508972563
"AES1-30-5.wcnf","QMaxSAT2018",216.91,2358.0359308093,91.6099223982295
"AES1-30-5.wcnf","UWrMaxSat.1.0",1.23,1069.84671387798,70.615567242562
