"InstanceName","Solver","ActualRuntime","PredictedRuntime","Prediction_StandardError"
"AES1-76-37.wcnf","MaxHS",170.21,1227.29456716345,69.4455148524338
"AES1-76-37.wcnf","maxino2018",76.11,1230.27182422019,66.7394182007853
"AES1-76-37.wcnf","Open.WBO.g",293.74,1427.36750379821,72.920679576882
"AES1-76-37.wcnf","Open.WBO.ms",184.83,1261.52202184761,79.719060272233
"AES1-76-37.wcnf","Open.WBO.ms.pre",144.46,1092.47426292993,63.2415185574269
"AES1-76-37.wcnf","QMaxSAT2018",3600,2411.97845334304,96.5752014169592
"AES1-76-37.wcnf","UWrMaxSat.1.0",17.63,1156.58603914174,90.9306283152865
