"InstanceName","Solver","ActualRuntime","PredictedRuntime","Prediction_StandardError"
"AES1-60-17.wcnf","MaxHS",3.32,966.994466064537,114.137020793653
"AES1-60-17.wcnf","maxino2018",0.96,1121.72035237332,75.5257105981967
"AES1-60-17.wcnf","Open.WBO.g",16.24,1182.15885648315,86.3124190850336
"AES1-60-17.wcnf","Open.WBO.ms",28.57,1184.31927109078,86.1871634999612
"AES1-60-17.wcnf","Open.WBO.ms.pre",38.32,1040.56707451399,60.910645210214
"AES1-60-17.wcnf","QMaxSAT2018",3600,2086.3840779618,203.153300977328
"AES1-60-17.wcnf","UWrMaxSat.1.0",1.11,1067.39253715024,97.4972563991117
