"InstanceName","Solver","ActualRuntime","PredictedRuntime","Prediction_StandardError"
"AES1-40-7.wcnf","MaxHS",2.37,325.769601595917,197.510650498264
"AES1-40-7.wcnf","maxino2018",0.92,437.4792001157,136.626590982209
"AES1-40-7.wcnf","Open.WBO.g",15.18,439.701758277878,230.362954342961
"AES1-40-7.wcnf","Open.WBO.ms",24.29,305.215327998893,226.710791010084
"AES1-40-7.wcnf","Open.WBO.ms.pre",30.32,206.51106651087,207.109217484701
"AES1-40-7.wcnf","QMaxSAT2018",2050.01,3033.40171776952,245.52400730786
"AES1-40-7.wcnf","UWrMaxSat.1.0",1.05,225.416807913454,210.369792290735
