"InstanceName","Solver","ActualRuntime","PredictedRuntime","Prediction_StandardError"
"AES2-50-52.wcnf","MaxHS",12.36,592.95587207782,143.421312591627
"AES2-50-52.wcnf","maxino2018",1.33,609.775668007077,130.587040234714
"AES2-50-52.wcnf","Open.WBO.g",16.28,710.749762844723,127.233811007044
"AES2-50-52.wcnf","Open.WBO.ms",26.64,648.326838038648,147.963244618506
"AES2-50-52.wcnf","Open.WBO.ms.pre",24.05,555.804023324754,133.268444418575
"AES2-50-52.wcnf","QMaxSAT2018",3600,2594.45807097787,379.795279027071
"AES2-50-52.wcnf","UWrMaxSat.1.0",1.22,653.992129666588,110.621561441365
