"InstanceName","Solver","ActualRuntime","PredictedRuntime","Prediction_StandardError"
"AES2-74-11.wcnf","MaxHS",1933.68,970.547240135976,111.769152511488
"AES2-74-11.wcnf","maxino2018",11.2,1147.98038536987,87.0933357792993
"AES2-74-11.wcnf","Open.WBO.g",38.73,1212.32972260475,87.4203535096957
"AES2-74-11.wcnf","Open.WBO.ms",43.52,1186.83255424598,86.6514873961024
"AES2-74-11.wcnf","Open.WBO.ms.pre",137.18,1040.56707451399,60.910645210214
"AES2-74-11.wcnf","QMaxSAT2018",3600,2086.3840779618,203.153300977328
"AES2-74-11.wcnf","UWrMaxSat.1.0",11.58,1087.2807785236,94.3614760172506
