"InstanceName","Solver","ActualRuntime","PredictedRuntime","Prediction_StandardError"
"AES2-72-67.wcnf","MaxHS",3600,791.587321843198,157.404323105177
"AES2-72-67.wcnf","maxino2018",3600,613.502430753268,130.6081750262
"AES2-72-67.wcnf","Open.WBO.g",3600,722.936038975596,126.464614978238
"AES2-72-67.wcnf","Open.WBO.ms",2444.3,655.50645204831,149.894566990494
"AES2-72-67.wcnf","Open.WBO.ms.pre",686.66,559.445839266783,132.951984353679
"AES2-72-67.wcnf","QMaxSAT2018",3600,2690.95877821639,274.089485306159
"AES2-72-67.wcnf","UWrMaxSat.1.0",3600,654.89768359885,110.727507151772
