"InstanceName","Solver","ActualRuntime","PredictedRuntime","Prediction_StandardError"
"AES2-74-73.wcnf","MaxHS",6.53,1127.20068429612,985.024259487596
"AES2-74-73.wcnf","maxino2018",2.32,873.694295107976,247.742983364919
"AES2-74-73.wcnf","Open.WBO.g",88.76,846.080346187727,275.705623328723
"AES2-74-73.wcnf","Open.WBO.ms",105.3,997.346483926861,193.442439478855
"AES2-74-73.wcnf","Open.WBO.ms.pre",33.25,788.207408200718,341.126431572611
"AES2-74-73.wcnf","QMaxSAT2018",3600,2497.95935720226,381.301743309837
"AES2-74-73.wcnf","UWrMaxSat.1.0",2.87,907.312581101455,298.252861701306
