"InstanceName","Solver","ActualRuntime","PredictedRuntime","Prediction_StandardError"
"AES2-70-61.wcnf","MaxHS",526.25,942.534137830831,138.112469760176
"AES2-70-61.wcnf","maxino2018",8.4,1054.9923941283,148.777376113157
"AES2-70-61.wcnf","Open.WBO.g",19.97,996.798276714585,222.11682123949
"AES2-70-61.wcnf","Open.WBO.ms",30.04,1118.31866039307,213.258470552651
"AES2-70-61.wcnf","Open.WBO.ms.pre",39.3,962.894565271832,244.766366904733
"AES2-70-61.wcnf","QMaxSAT2018",3600,2524.58555511667,248.657001562876
"AES2-70-61.wcnf","UWrMaxSat.1.0",7.37,1037.38582539802,207.901823333902
