"InstanceName","Solver","ActualRuntime","PredictedRuntime","Prediction_StandardError"
"atcoss_mesat_06.wcnf","MaxHS",86.35,3048.45428415301,261.121755421219
"atcoss_mesat_06.wcnf","maxino2018",70.79,2764.74777595628,230.681532915632
"atcoss_mesat_06.wcnf","Open.WBO.g",241.15,2801.39066120219,434.767312950405
"atcoss_mesat_06.wcnf","Open.WBO.ms",352.91,2756.04203632273,190.612430755902
"atcoss_mesat_06.wcnf","Open.WBO.ms.pre",112.61,2697.14619672131,214.875927267518
"atcoss_mesat_06.wcnf","QMaxSAT2018",215.95,2797.18541803279,508.99705183601
"atcoss_mesat_06.wcnf","UWrMaxSat.1.0",51.59,3030.14546174863,454.195415302134
