"InstanceName","Solver","ActualRuntime","PredictedRuntime","Prediction_StandardError"
"atcoss_mesat_10.wcnf","MaxHS",1824.21,987.58128641112,150.206580650366
"atcoss_mesat_10.wcnf","maxino2018",1091.65,767.613024420024,176.056644638598
"atcoss_mesat_10.wcnf","Open.WBO.g",3600,958.296166666667,363.086426514077
"atcoss_mesat_10.wcnf","Open.WBO.ms",2005.75,1008.72621367521,480.01157893188
"atcoss_mesat_10.wcnf","Open.WBO.ms.pre",576.93,819.380562678063,396.676384113657
"atcoss_mesat_10.wcnf","QMaxSAT2018",1099.65,894.775776658527,544.629872467786
"atcoss_mesat_10.wcnf","UWrMaxSat.1.0",479.64,1079.71625905576,85.0976727464135
