"InstanceName","Solver","ActualRuntime","PredictedRuntime","Prediction_StandardError"
"b14_C-mbd14-0225.wcnf","MaxHS",449.63,822.184287115436,121.37109042851
"b14_C-mbd14-0225.wcnf","maxino2018",172.83,823.334650586439,94.5706132204496
"b14_C-mbd14-0225.wcnf","Open.WBO.g",24.5,735.271757872935,106.378828679756
"b14_C-mbd14-0225.wcnf","Open.WBO.ms",46.29,748.061420274788,149.649977860645
"b14_C-mbd14-0225.wcnf","Open.WBO.ms.pre",144.85,709.591885882145,101.704882003042
"b14_C-mbd14-0225.wcnf","QMaxSAT2018",2994.23,815.805198558083,87.9648538154905
"b14_C-mbd14-0225.wcnf","UWrMaxSat.1.0",24.54,684.123786599202,156.543886769725
