"InstanceName","Solver","ActualRuntime","PredictedRuntime","Prediction_StandardError"
"b14_C-mbd14-0307.wcnf","MaxHS",122.29,1032.36034156568,109.050405517793
"b14_C-mbd14-0307.wcnf","maxino2018",178.16,990.80431090501,104.443294202682
"b14_C-mbd14-0307.wcnf","Open.WBO.g",25.18,819.911508288981,118.321911383272
"b14_C-mbd14-0307.wcnf","Open.WBO.ms",33.3,944.699509270941,116.42395571896
"b14_C-mbd14-0307.wcnf","Open.WBO.ms.pre",132.61,704.343140763861,118.413202187611
"b14_C-mbd14-0307.wcnf","QMaxSAT2018",401.29,1200.41592184121,525.537004325685
"b14_C-mbd14-0307.wcnf","UWrMaxSat.1.0",8.36,744.750995514549,104.785350589134
