"InstanceName","Solver","ActualRuntime","PredictedRuntime","Prediction_StandardError"
"b17_C-mbd14-0304.wcnf","MaxHS",2.47,772.082522983999,153.773942570631
"b17_C-mbd14-0304.wcnf","maxino2018",0.29,1126.40904723226,153.776511381257
"b17_C-mbd14-0304.wcnf","Open.WBO.g",0.42,1000.03319661129,100.428376304349
"b17_C-mbd14-0304.wcnf","Open.WBO.ms",0.44,1034.24494988618,175.213715125091
"b17_C-mbd14-0304.wcnf","Open.WBO.ms.pre",0.53,942.743996374548,89.0530505042106
"b17_C-mbd14-0304.wcnf","QMaxSAT2018",2.94,1484.23196116233,142.899222222421
"b17_C-mbd14-0304.wcnf","UWrMaxSat.1.0",0.74,985.812679135121,361.95514438307
