"InstanceName","Solver","ActualRuntime","PredictedRuntime","Prediction_StandardError"
"b17_C-mbd14-0370.wcnf","MaxHS",5.71,731.247348084339,189.322796424038
"b17_C-mbd14-0370.wcnf","maxino2018",0.46,645.246997761515,205.205457934197
"b17_C-mbd14-0370.wcnf","Open.WBO.g",0.4,1071.12054046059,223.087883337973
"b17_C-mbd14-0370.wcnf","Open.WBO.ms",0.43,600.366364722958,193.832965611643
"b17_C-mbd14-0370.wcnf","Open.WBO.ms.pre",1.2,704.563780710771,193.886685544654
"b17_C-mbd14-0370.wcnf","QMaxSAT2018",20.95,665.811292965351,271.902891621
"b17_C-mbd14-0370.wcnf","UWrMaxSat.1.0",1.14,622.006424698711,194.909335057342
