"InstanceName","Solver","ActualRuntime","PredictedRuntime","Prediction_StandardError"
"b20_C-mbd14-0328.wcnf","MaxHS",17.33,1218.42691555521,79.5265868269256
"b20_C-mbd14-0328.wcnf","maxino2018",0.35,1164.18529873974,58.8603987392475
"b20_C-mbd14-0328.wcnf","Open.WBO.g",1.07,1184.43464498721,84.6507764404554
"b20_C-mbd14-0328.wcnf","Open.WBO.ms",17.04,1071.87171655461,95.4535001312453
"b20_C-mbd14-0328.wcnf","Open.WBO.ms.pre",9.67,1062.25870328715,59.1542695029768
"b20_C-mbd14-0328.wcnf","QMaxSAT2018",14.51,1350.68330152301,136.713581805762
"b20_C-mbd14-0328.wcnf","UWrMaxSat.1.0",0.71,1067.3608187933,56.867014879056
