"InstanceName","Solver","ActualRuntime","PredictedRuntime","Prediction_StandardError"
"b20_C-mbd14-0255.wcnf","MaxHS",41.36,983.314886305928,131.449847139744
"b20_C-mbd14-0255.wcnf","maxino2018",1.87,920.951824444787,121.217280029063
"b20_C-mbd14-0255.wcnf","Open.WBO.g",3.91,804.501960378439,379.975210035671
"b20_C-mbd14-0255.wcnf","Open.WBO.ms",25.91,829.905240066996,206.815542740369
"b20_C-mbd14-0255.wcnf","Open.WBO.ms.pre",16.31,739.450094253621,83.9923528225757
"b20_C-mbd14-0255.wcnf","QMaxSAT2018",184.15,982.642894950369,164.901957074847
"b20_C-mbd14-0255.wcnf","UWrMaxSat.1.0",2.74,749.413898277479,126.770639847475
