"InstanceName","Solver","ActualRuntime","PredictedRuntime","Prediction_StandardError"
"b20_C-mbd14-0354.wcnf","MaxHS",14.17,1148.86377386082,58.9584738785636
"b20_C-mbd14-0354.wcnf","maxino2018",0.63,1086.93404713634,67.9221908859013
"b20_C-mbd14-0354.wcnf","Open.WBO.g",1.12,1002.71886362663,76.4100344747173
"b20_C-mbd14-0354.wcnf","Open.WBO.ms",22.41,945.086774655754,70.6232235498881
"b20_C-mbd14-0354.wcnf","Open.WBO.ms.pre",13.8,997.469834404413,58.4242567478937
"b20_C-mbd14-0354.wcnf","QMaxSAT2018",125.46,1047.5938136579,90.7298121049935
"b20_C-mbd14-0354.wcnf","UWrMaxSat.1.0",1.18,1001.34854509806,76.3191984723534
