"InstanceName","Solver","ActualRuntime","PredictedRuntime","Prediction_StandardError"
"b21_C-mbd14-0349.wcnf","MaxHS",38.2,736.498906469026,142.694892962577
"b21_C-mbd14-0349.wcnf","maxino2018",0.4,700.691002543665,127.903280444955
"b21_C-mbd14-0349.wcnf","Open.WBO.g",1.08,612.738290107382,121.251840626839
"b21_C-mbd14-0349.wcnf","Open.WBO.ms",22.59,530.031986629565,156.190710336685
"b21_C-mbd14-0349.wcnf","Open.WBO.ms.pre",13.51,612.579226780257,126.58992172374
"b21_C-mbd14-0349.wcnf","QMaxSAT2018",16.76,766.954756871928,99.6651775339681
"b21_C-mbd14-0349.wcnf","UWrMaxSat.1.0",0.82,604.338956502622,109.490274347018
