"InstanceName","Solver","ActualRuntime","PredictedRuntime","Prediction_StandardError"
"b21_C-mbd14-0267.wcnf","MaxHS",33.5,1146.1061124075,60.1379601984387
"b21_C-mbd14-0267.wcnf","maxino2018",3.36,1086.984840053,67.9205137680619
"b21_C-mbd14-0267.wcnf","Open.WBO.g",3.01,1003.32984073189,76.7363983242031
"b21_C-mbd14-0267.wcnf","Open.WBO.ms",20.97,927.279781322421,73.2881378794871
"b21_C-mbd14-0267.wcnf","Open.WBO.ms.pre",13.86,985.035011980171,57.0326588790667
"b21_C-mbd14-0267.wcnf","QMaxSAT2018",69.39,995.166429186738,91.2625549674125
"b21_C-mbd14-0267.wcnf","UWrMaxSat.1.0",1.15,997.460932388923,81.9353032907773
