"InstanceName","Solver","ActualRuntime","PredictedRuntime","Prediction_StandardError"
"b21_C-mbd14-0217.wcnf","MaxHS",19.02,1215.50625410189,81.5184255000655
"b21_C-mbd14-0217.wcnf","maxino2018",0.36,1182.23069582307,69.5611237857793
"b21_C-mbd14-0217.wcnf","Open.WBO.g",1.24,1184.46740498721,84.6636462784709
"b21_C-mbd14-0217.wcnf","Open.WBO.ms",14.3,1071.85335822128,95.450349339055
"b21_C-mbd14-0217.wcnf","Open.WBO.ms.pre",16.88,1062.25870328715,59.1542695029768
"b21_C-mbd14-0217.wcnf","QMaxSAT2018",17.59,1356.65609661392,135.776857611887
"b21_C-mbd14-0217.wcnf","UWrMaxSat.1.0",0.88,1063.47320608417,58.2256394734722
