"InstanceName","Solver","ActualRuntime","PredictedRuntime","Prediction_StandardError"
"b21_C-mbd14-0295.wcnf","MaxHS",166.67,996.551760021253,151.133818725093
"b21_C-mbd14-0295.wcnf","maxino2018",13.71,1011.58068123549,118.301344206149
"b21_C-mbd14-0295.wcnf","Open.WBO.g",16.32,972.515334628251,204.983074353177
"b21_C-mbd14-0295.wcnf","Open.WBO.ms",36.7,861.39595393826,199.213158854296
"b21_C-mbd14-0295.wcnf","Open.WBO.ms.pre",64.57,797.40667414457,252.005610157141
"b21_C-mbd14-0295.wcnf","QMaxSAT2018",500.79,1091.4598529027,240.918904745836
"b21_C-mbd14-0295.wcnf","UWrMaxSat.1.0",10.38,973.066971099633,223.306111718334
