"InstanceName","Solver","ActualRuntime","PredictedRuntime","Prediction_StandardError"
"b21_C-mbd14-0205.wcnf","MaxHS",109.72,388.370514666497,244.243852759848
"b21_C-mbd14-0205.wcnf","maxino2018",0.95,328.74044856846,438.41293192701
"b21_C-mbd14-0205.wcnf","Open.WBO.g",2.27,255.989950065501,344.261361121817
"b21_C-mbd14-0205.wcnf","Open.WBO.ms",20.48,188.859374485413,269.689618905057
"b21_C-mbd14-0205.wcnf","Open.WBO.ms.pre",15.43,201.734670991102,353.610262560416
"b21_C-mbd14-0205.wcnf","QMaxSAT2018",159.16,193.253331551745,380.734269296467
"b21_C-mbd14-0205.wcnf","UWrMaxSat.1.0",1.33,376.069584221653,382.507069952803
