"InstanceName","Solver","ActualRuntime","PredictedRuntime","Prediction_StandardError"
"b22_C-mbd14-0241.wcnf","MaxHS",11.17,514.114495654903,245.363838184782
"b22_C-mbd14-0241.wcnf","maxino2018",0.4,307.418472762084,427.063534136827
"b22_C-mbd14-0241.wcnf","Open.WBO.g",0.61,432.632686185105,350.012655559782
"b22_C-mbd14-0241.wcnf","Open.WBO.ms",0.82,650.2218239338,242.400342310797
"b22_C-mbd14-0241.wcnf","Open.WBO.ms.pre",8.26,554.755351673298,529.397622466895
"b22_C-mbd14-0241.wcnf","QMaxSAT2018",5.6,820.572500154191,518.597663093796
"b22_C-mbd14-0241.wcnf","UWrMaxSat.1.0",1.01,601.125489279639,331.303027426254
