"InstanceName","Solver","ActualRuntime","PredictedRuntime","Prediction_StandardError"
"b22_C-mbd14-0300.wcnf","MaxHS",12.12,518.444516974747,189.264233378932
"b22_C-mbd14-0300.wcnf","maxino2018",0.44,397.821089325097,147.459155155134
"b22_C-mbd14-0300.wcnf","Open.WBO.g",0.52,589.941516734034,171.760633286737
"b22_C-mbd14-0300.wcnf","Open.WBO.ms",3.63,330.10697507741,212.393456917175
"b22_C-mbd14-0300.wcnf","Open.WBO.ms.pre",0.75,437.577146934094,216.184424490344
"b22_C-mbd14-0300.wcnf","QMaxSAT2018",6.14,433.863918869029,224.172087198317
"b22_C-mbd14-0300.wcnf","UWrMaxSat.1.0",1.05,430.288631178024,182.060630660903
