"InstanceName","Solver","ActualRuntime","PredictedRuntime","Prediction_StandardError"
"b22_C-mbd14-0240.wcnf","MaxHS",16.24,935.754669670626,146.585405341758
"b22_C-mbd14-0240.wcnf","maxino2018",0.49,993.258636276622,105.423464228423
"b22_C-mbd14-0240.wcnf","Open.WBO.g",0.57,922.697615892764,125.039587161784
"b22_C-mbd14-0240.wcnf","Open.WBO.ms",0.66,1075.77854264284,180.357562322898
"b22_C-mbd14-0240.wcnf","Open.WBO.ms.pre",1.58,983.448139560331,117.035990246886
"b22_C-mbd14-0240.wcnf","QMaxSAT2018",9.67,1251.64592005855,166.7038582232
"b22_C-mbd14-0240.wcnf","UWrMaxSat.1.0",1.39,899.205188018474,269.10806197449
