"InstanceName","Solver","ActualRuntime","PredictedRuntime","Prediction_StandardError"
"b22_C-mbd14-0222.wcnf","MaxHS",4.97,993.066530833129,118.216904031098
"b22_C-mbd14-0222.wcnf","maxino2018",0.37,1049.00378909467,76.1663921541858
"b22_C-mbd14-0222.wcnf","Open.WBO.g",0.6,1165.89699033778,76.366188552719
"b22_C-mbd14-0222.wcnf","Open.WBO.ms",0.61,1144.03970059784,96.6925559555917
"b22_C-mbd14-0222.wcnf","Open.WBO.ms.pre",11.09,1010.70993284977,58.7523183433494
"b22_C-mbd14-0222.wcnf","QMaxSAT2018",6.66,1266.39487123429,123.983396400242
"b22_C-mbd14-0222.wcnf","UWrMaxSat.1.0",0.81,1041.19057083385,99.9942107917083
