"InstanceName","Solver","ActualRuntime","PredictedRuntime","Prediction_StandardError"
"b22_C-mbd14-0223.wcnf","MaxHS",6.26,910.884163188427,149.738290757765
"b22_C-mbd14-0223.wcnf","maxino2018",0.36,1003.04993969558,102.851473182969
"b22_C-mbd14-0223.wcnf","Open.WBO.g",0.55,912.888661945395,119.597933735426
"b22_C-mbd14-0223.wcnf","Open.WBO.ms",0.59,1031.27033114182,254.454168368531
"b22_C-mbd14-0223.wcnf","Open.WBO.ms.pre",0.81,961.298024297674,77.6416248537915
"b22_C-mbd14-0223.wcnf","QMaxSAT2018",14.76,1152.42325243935,156.897237639566
"b22_C-mbd14-0223.wcnf","UWrMaxSat.1.0",0.74,965.762561518297,109.79246096888
