"InstanceName","Solver","ActualRuntime","PredictedRuntime","Prediction_StandardError"
"brock400_4clq.wcnf","MaxHS",3600,1218.55317429254,1326.24821310773
"brock400_4clq.wcnf","maxino2018",3600,1389.53395872872,191.517380711559
"brock400_4clq.wcnf","Open.WBO.g",3600,1438.64270838114,284.401906022021
"brock400_4clq.wcnf","Open.WBO.ms",3600,1351.05673715047,559.992634430497
"brock400_4clq.wcnf","Open.WBO.ms.pre",3600,1496.06126228969,211.920485843198
"brock400_4clq.wcnf","QMaxSAT2018",3600,1963.96569209395,319.913147492243
"brock400_4clq.wcnf","UWrMaxSat.1.0",3600,1180.25839368041,243.709993570252
