"InstanceName","Solver","ActualRuntime","PredictedRuntime","Prediction_StandardError"
"c5315_F1@0.wcnf","MaxHS",0,143.476353542566,134.477306962738
"c5315_F1@0.wcnf","maxino2018",0,879.447320618375,824.670054475718
"c5315_F1@0.wcnf","Open.WBO.g",0,1873.23362443632,144.523029096227
"c5315_F1@0.wcnf","Open.WBO.ms",0.01,2194.3901537924,88.8406540672226
"c5315_F1@0.wcnf","Open.WBO.ms.pre",0.01,511.883930592627,86.6345495909415
"c5315_F1@0.wcnf","QMaxSAT2018",3600,2848.71018992359,551.933426176281
"c5315_F1@0.wcnf","UWrMaxSat.1.0",0,308.55644733512,114.579368038382
