"InstanceName","Solver","ActualRuntime","PredictedRuntime","Prediction_StandardError"
"cnf13p8.wcnf","MaxHS",195.89,1225.06108788543,390.428106604626
"cnf13p8.wcnf","maxino2018",49,1079.31103232594,87.4126083257653
"cnf13p8.wcnf","Open.WBO.g",32.39,1170.98645340316,158.044935841504
"cnf13p8.wcnf","Open.WBO.ms",96.98,1064.74900816808,118.794288264616
"cnf13p8.wcnf","Open.WBO.ms.pre",63.44,894.777085302822,674.130472967011
"cnf13p8.wcnf","QMaxSAT2018",77.71,1327.34661503868,90.9374584478251
"cnf13p8.wcnf","UWrMaxSat.1.0",13.38,961.300663403254,222.129137324455
