"InstanceName","Solver","ActualRuntime","PredictedRuntime","Prediction_StandardError"
"cnf16p6.wcnf","MaxHS",297.44,1409.24628767382,189.099908943598
"cnf16p6.wcnf","maxino2018",43.78,1055.07090490024,272.527420945869
"cnf16p6.wcnf","Open.WBO.g",236.3,1109.97261676774,84.9246537951769
"cnf16p6.wcnf","Open.WBO.ms",198.16,1070.85825224396,83.6357060690133
"cnf16p6.wcnf","Open.WBO.ms.pre",118.61,955.294521607618,59.6182554335791
"cnf16p6.wcnf","QMaxSAT2018",60.18,1417.95432914619,91.9143114481526
"cnf16p6.wcnf","UWrMaxSat.1.0",45.23,1028.09054676937,86.4062043229716
