"InstanceName","Solver","ActualRuntime","PredictedRuntime","Prediction_StandardError"
"cnf18p8.wcnf","MaxHS",588.63,1001.11767333655,95.5689956314361
"cnf18p8.wcnf","maxino2018",145.66,532.662391319295,102.641677143385
"cnf18p8.wcnf","Open.WBO.g",284.76,435.35865687584,99.8201078633147
"cnf18p8.wcnf","Open.WBO.ms",214.3,479.025656536729,155.317727308628
"cnf18p8.wcnf","Open.WBO.ms.pre",102.61,343.135613736609,111.381250534647
"cnf18p8.wcnf","QMaxSAT2018",194.48,465.791932570769,113.791366426008
"cnf18p8.wcnf","UWrMaxSat.1.0",49.93,429.24541624868,138.481589195072
