"InstanceName","Solver","ActualRuntime","PredictedRuntime","Prediction_StandardError"
"cnf18p4.wcnf","MaxHS",105.56,1420.07423300102,146.203195695779
"cnf18p4.wcnf","maxino2018",18.38,910.89479081454,155.120916877812
"cnf18p4.wcnf","Open.WBO.g",27.7,910.435709170932,232.229494931399
"cnf18p4.wcnf","Open.WBO.ms",138.09,1107.66525927758,241.100275668536
"cnf18p4.wcnf","Open.WBO.ms.pre",61.02,926.857866842599,220.246770123914
"cnf18p4.wcnf","QMaxSAT2018",23.04,1132.74780980765,187.216440256132
"cnf18p4.wcnf","UWrMaxSat.1.0",68.3,1112.65809645699,277.925603388847
