"InstanceName","Solver","ActualRuntime","PredictedRuntime","Prediction_StandardError"
"cnf18t9.wcnf","MaxHS",42.06,1517.53907439917,402.382969574541
"cnf18t9.wcnf","maxino2018",11.61,347.435189699185,126.643949183151
"cnf18t9.wcnf","Open.WBO.g",17.4,584.535620659013,186.497433038279
"cnf18t9.wcnf","Open.WBO.ms",68.26,365.756638975138,144.233711743367
"cnf18t9.wcnf","Open.WBO.ms.pre",70.68,341.267942382852,154.374686513984
"cnf18t9.wcnf","QMaxSAT2018",8.99,573.80585831271,147.682470302117
"cnf18t9.wcnf","UWrMaxSat.1.0",5.26,457.316369800126,163.113558202448
