"InstanceName","Solver","ActualRuntime","PredictedRuntime","Prediction_StandardError"
"cnf10p8.wcnf","MaxHS",244.93,1346.89955715437,115.223619032534
"cnf10p8.wcnf","maxino2018",68.64,1230.21378561244,104.497499147725
"cnf10p8.wcnf","Open.WBO.g",29,1176.32286245043,452.654723731888
"cnf10p8.wcnf","Open.WBO.ms",135.48,1247.71440406071,511.311860181003
"cnf10p8.wcnf","Open.WBO.ms.pre",91.75,1373.49557429852,80.4245455680839
"cnf10p8.wcnf","QMaxSAT2018",21.79,2098.90902012912,216.314941512546
"cnf10p8.wcnf","UWrMaxSat.1.0",14.69,1193.13733825641,110.903809212908
