"InstanceName","Solver","ActualRuntime","PredictedRuntime","Prediction_StandardError"
"cnf18p5.wcnf","MaxHS",508.33,817.254606688277,94.4054893111373
"cnf18p5.wcnf","maxino2018",44.09,451.395331423154,95.0526537073852
"cnf18p5.wcnf","Open.WBO.g",96.94,484.501750292139,123.199931997389
"cnf18p5.wcnf","Open.WBO.ms",134.36,454.773534194107,129.645389056741
"cnf18p5.wcnf","Open.WBO.ms.pre",121.32,332.067389509824,93.7524763824586
"cnf18p5.wcnf","QMaxSAT2018",83.24,451.455252451897,115.754263215424
"cnf18p5.wcnf","UWrMaxSat.1.0",118.42,503.606701532646,128.695674372567
