"InstanceName","Solver","ActualRuntime","PredictedRuntime","Prediction_StandardError"
"cnf15p7.wcnf","MaxHS",406.31,603.618721982887,257.754857495954
"cnf15p7.wcnf","maxino2018",283.3,384.199936310447,471.590100653226
"cnf15p7.wcnf","Open.WBO.g",223.55,182.460716065677,339.279736086417
"cnf15p7.wcnf","Open.WBO.ms",208.88,445.428090496856,287.625615430484
"cnf15p7.wcnf","Open.WBO.ms.pre",109.59,321.806735331412,365.152178142621
"cnf15p7.wcnf","QMaxSAT2018",259.23,333.539826432245,387.879888411211
"cnf15p7.wcnf","UWrMaxSat.1.0",36.67,225.984566967422,377.137282946789
