"InstanceName","Solver","ActualRuntime","PredictedRuntime","Prediction_StandardError"
"cnf14t7.wcnf","MaxHS",21.27,495.076096973786,305.511545917432
"cnf14t7.wcnf","maxino2018",10.74,334.877858785354,459.023322996552
"cnf14t7.wcnf","Open.WBO.g",10.41,354.416592982588,407.996083738927
"cnf14t7.wcnf","Open.WBO.ms",66.58,292.57283690274,280.568836336059
"cnf14t7.wcnf","Open.WBO.ms.pre",68.81,495.148460445058,480.84724008763
"cnf14t7.wcnf","QMaxSAT2018",8.27,438.4130703733,384.721575065606
"cnf14t7.wcnf","UWrMaxSat.1.0",3.83,267.35827046164,419.369085122146
