"InstanceName","Solver","ActualRuntime","PredictedRuntime","Prediction_StandardError"
"cnf16p7.wcnf","MaxHS",272.11,1414.96570341742,172.282742275516
"cnf16p7.wcnf","maxino2018",36.21,1068.33527021539,212.433695714391
"cnf16p7.wcnf","Open.WBO.g",71.29,1149.1916538251,86.4346160166269
"cnf16p7.wcnf","Open.WBO.ms",156.35,1148.82696010723,85.6602205182983
"cnf16p7.wcnf","Open.WBO.ms.pre",91.81,1016.9061030735,67.0117588995793
"cnf16p7.wcnf","QMaxSAT2018",27.88,1426.75555616419,91.9735448759224
"cnf16p7.wcnf","UWrMaxSat.1.0",33.93,1063.78942711484,99.6343402068294
