"InstanceName","Solver","ActualRuntime","PredictedRuntime","Prediction_StandardError"
"cnf17p10.wcnf","MaxHS",902.7,1542.24170735264,428.709097503073
"cnf17p10.wcnf","maxino2018",275.73,975.669231532267,239.386300105781
"cnf17p10.wcnf","Open.WBO.g",361.49,1100.28966837339,294.128764061665
"cnf17p10.wcnf","Open.WBO.ms",300.17,886.986994978001,707.668116275962
"cnf17p10.wcnf","Open.WBO.ms.pre",167.08,693.978880456574,342.177012872598
"cnf17p10.wcnf","QMaxSAT2018",531.21,589.151750427118,162.943110223949
"cnf17p10.wcnf","UWrMaxSat.1.0",473.38,877.433253123993,113.410254794277
