"InstanceName","Solver","ActualRuntime","PredictedRuntime","Prediction_StandardError"
"cnf13p9.wcnf","MaxHS",282.84,1093.86386484261,114.249347070254
"cnf13p9.wcnf","maxino2018",203.13,1095.14248748478,84.8730989682784
"cnf13p9.wcnf","Open.WBO.g",43.05,1162.86953021024,72.1930103526381
"cnf13p9.wcnf","Open.WBO.ms",87.74,1139.70433631318,85.5543223932969
"cnf13p9.wcnf","Open.WBO.ms.pre",75.97,967.546966339392,59.6926753080664
"cnf13p9.wcnf","QMaxSAT2018",90.68,1451.75564027178,79.5306434028046
"cnf13p9.wcnf","UWrMaxSat.1.0",46.66,1061.39833320335,101.324561155707
