"InstanceName","Solver","ActualRuntime","PredictedRuntime","Prediction_StandardError"
"cnf18d7.wcnf","MaxHS",25.26,808.589969542283,290.218321342575
"cnf18d7.wcnf","maxino2018",7.73,586.232765421787,138.1892969894
"cnf18d7.wcnf","Open.WBO.g",10.33,564.83145162975,118.452250931183
"cnf18d7.wcnf","Open.WBO.ms",37.77,432.730508982889,99.5623245328337
"cnf18d7.wcnf","Open.WBO.ms.pre",40.63,574.350570464994,109.316680350635
"cnf18d7.wcnf","QMaxSAT2018",7.6,518.758074364436,135.336852666819
"cnf18d7.wcnf","UWrMaxSat.1.0",4.37,530.168322294333,138.686189044589
