"InstanceName","Solver","ActualRuntime","PredictedRuntime","Prediction_StandardError"
"cnf12t9.wcnf","MaxHS",15.83,1413.62209971367,826.681756691258
"cnf12t9.wcnf","maxino2018",9.03,1227.11986561164,130.06326281717
"cnf12t9.wcnf","Open.WBO.g",10.56,1746.29675539418,550.45592230578
"cnf12t9.wcnf","Open.WBO.ms",66.5,1369.48859800267,188.158190970091
"cnf12t9.wcnf","Open.WBO.ms.pre",50.22,1255.99603355334,277.429699338674
"cnf12t9.wcnf","QMaxSAT2018",11.7,2062.11396240717,244.206385602948
"cnf12t9.wcnf","UWrMaxSat.1.0",3.42,1233.42690948494,196.465361855797
