"InstanceName","Solver","ActualRuntime","PredictedRuntime","Prediction_StandardError"
"cnf20d10.wcnf","MaxHS",18.62,1289.25717058705,226.308850026607
"cnf20d10.wcnf","maxino2018",9.29,637.446973959862,232.019654482472
"cnf20d10.wcnf","Open.WBO.g",13.17,865.49689823074,254.772029888803
"cnf20d10.wcnf","Open.WBO.ms",41.88,753.142767647082,210.43113255346
"cnf20d10.wcnf","Open.WBO.ms.pre",59.73,656.709703031609,330.640411279468
"cnf20d10.wcnf","QMaxSAT2018",10.59,851.7167456373,368.761055199891
"cnf20d10.wcnf","UWrMaxSat.1.0",5.07,696.616487123758,315.690462319084
