"InstanceName","Solver","ActualRuntime","PredictedRuntime","Prediction_StandardError"
"cnf20p5.wcnf","MaxHS",682.06,1457.18251456765,236.831499994703
"cnf20p5.wcnf","maxino2018",71.15,842.509802856313,255.258113885024
"cnf20p5.wcnf","Open.WBO.g",62.1,880.25240023715,203.004240583945
"cnf20p5.wcnf","Open.WBO.ms",103.84,801.500099122094,574.807899858012
"cnf20p5.wcnf","Open.WBO.ms.pre",63.96,583.618172931413,316.760168737006
"cnf20p5.wcnf","QMaxSAT2018",77.3,514.970628046176,142.536538233714
"cnf20p5.wcnf","UWrMaxSat.1.0",176.06,638.23317648821,96.7961730542232
