"InstanceName","Solver","ActualRuntime","PredictedRuntime","Prediction_StandardError"
"cnf20p7.wcnf","MaxHS",559.11,1596.53491874913,545.960224516906
"cnf20p7.wcnf","maxino2018",93.9,604.529480802966,113.033975455282
"cnf20p7.wcnf","Open.WBO.g",223.28,563.203734397874,161.104799854629
"cnf20p7.wcnf","Open.WBO.ms",122.82,563.239662518899,119.67302255273
"cnf20p7.wcnf","Open.WBO.ms.pre",121.6,476.04491008725,139.412032000135
"cnf20p7.wcnf","QMaxSAT2018",239.4,528.792715159425,119.936742562034
"cnf20p7.wcnf","UWrMaxSat.1.0",372.65,522.520323404998,182.724311813672
