"InstanceName","Solver","ActualRuntime","PredictedRuntime","Prediction_StandardError"
"cnf8p7.wcnf","MaxHS",93.48,1058.9727421313,56.6882181928734
"cnf8p7.wcnf","maxino2018",12.01,1248.77663685594,58.0808757994682
"cnf8p7.wcnf","Open.WBO.g",9.32,1409.91657929825,79.8990740042689
"cnf8p7.wcnf","Open.WBO.ms",56.47,1341.41609441136,146.226718505344
"cnf8p7.wcnf","Open.WBO.ms.pre",49.89,1190.14679606921,117.92963788209
"cnf8p7.wcnf","QMaxSAT2018",7.7,1927.13945783922,99.8454644548823
"cnf8p7.wcnf","UWrMaxSat.1.0",1.64,1154.24883924913,73.6143263610098
