"InstanceName","Solver","ActualRuntime","PredictedRuntime","Prediction_StandardError"
"cnf9p10.wcnf","MaxHS",146.93,1146.405945664,153.767756709792
"cnf9p10.wcnf","maxino2018",32.14,1178.04008727666,120.532224740818
"cnf9p10.wcnf","Open.WBO.g",12.79,1513.12809367887,216.634348969915
"cnf9p10.wcnf","Open.WBO.ms",84.2,1242.74810192718,232.550255435648
"cnf9p10.wcnf","Open.WBO.ms.pre",36.82,1227.5967452124,236.585016459303
"cnf9p10.wcnf","QMaxSAT2018",18.73,1785.96788327843,517.162532401976
"cnf9p10.wcnf","UWrMaxSat.1.0",4.6,1098.01111175112,206.432248504064
