"InstanceName","Solver","ActualRuntime","PredictedRuntime","Prediction_StandardError"
"cnf9p8.wcnf","MaxHS",98.03,1051.86177164223,295.796644327526
"cnf9p8.wcnf","maxino2018",10.22,988.352060910146,134.846529200852
"cnf9p8.wcnf","Open.WBO.g",14.61,972.404980900384,369.843550890699
"cnf9p8.wcnf","Open.WBO.ms",60.45,895.253498309426,113.823126889621
"cnf9p8.wcnf","Open.WBO.ms.pre",35.74,850.778469904511,285.399224815524
"cnf9p8.wcnf","QMaxSAT2018",24.39,1404.16956477176,306.060908923601
"cnf9p8.wcnf","UWrMaxSat.1.0",5.76,1009.10081789424,144.088556513191
