"InstanceName","Solver","ActualRuntime","PredictedRuntime","Prediction_StandardError"
"cnf_12.wcnf","MaxHS",3600,883.526520232355,193.820571869056
"cnf_12.wcnf","maxino2018",3600,1314.79230712129,472.247722036945
"cnf_12.wcnf","Open.WBO.g",3600,914.433588845494,236.827088870371
"cnf_12.wcnf","Open.WBO.ms",3600,1067.31285045207,126.564711425689
"cnf_12.wcnf","Open.WBO.ms.pre",3600,1137.75477732369,817.476398669616
"cnf_12.wcnf","QMaxSAT2018",3600,2007.76291938764,502.367032702486
"cnf_12.wcnf","UWrMaxSat.1.0",3600,1140.07774130195,173.380217148118
