"InstanceName","Solver","ActualRuntime","PredictedRuntime","Prediction_StandardError"
"cnf_10.wcnf","MaxHS",3600,1039.18396427827,242.926949413605
"cnf_10.wcnf","maxino2018",3600,977.33238930871,251.164313006257
"cnf_10.wcnf","Open.WBO.g",3600,823.731047966547,235.796051161947
"cnf_10.wcnf","Open.WBO.ms",3600,988.874091305986,379.140979559762
"cnf_10.wcnf","Open.WBO.ms.pre",3600,961.898016226719,493.970760128298
"cnf_10.wcnf","QMaxSAT2018",3600,1771.08165741672,348.509959120988
"cnf_10.wcnf","UWrMaxSat.1.0",3600,970.092442921905,186.310987388755
