"InstanceName","Solver","ActualRuntime","PredictedRuntime","Prediction_StandardError"
"diabetes.wcnf","MaxHS",3600,2095.20302611866,176.460273431338
"diabetes.wcnf","maxino2018",3600,1668.94660801793,134.12579608576
"diabetes.wcnf","Open.WBO.g",3600,1689.32928340866,193.954181245327
"diabetes.wcnf","Open.WBO.ms",3600,1514.56710523565,195.56930546091
"diabetes.wcnf","Open.WBO.ms.pre",3600,1336.87041738312,247.009894782198
"diabetes.wcnf","QMaxSAT2018",3600,1781.0334108039,219.436468895891
"diabetes.wcnf","UWrMaxSat.1.0",3600,1596.07916383067,233.474323184873
