"InstanceName","Solver","ActualRuntime","PredictedRuntime","Prediction_StandardError"
"dp43.wcnf","MaxHS",36.51,2089.79799159225,174.195395199733
"dp43.wcnf","maxino2018",10.77,1508.92261668227,145.367410536648
"dp43.wcnf","Open.WBO.g",3.36,1556.25756550606,158.550368392616
"dp43.wcnf","Open.WBO.ms",30.55,1502.74779964414,114.208517504547
"dp43.wcnf","Open.WBO.ms.pre",38.4,1318.5644798801,118.51651344418
"dp43.wcnf","QMaxSAT2018",13.96,1854.43067212767,155.38744860422
"dp43.wcnf","UWrMaxSat.1.0",11.95,1454.53366355482,128.166649829616
