"InstanceName","Solver","ActualRuntime","PredictedRuntime","Prediction_StandardError"
"ff4a1d84-d490-11df-9e6c-00163e3d3b7c_l3.wcnf","MaxHS",3.63,548.793768246689,221.579208945227
"ff4a1d84-d490-11df-9e6c-00163e3d3b7c_l3.wcnf","maxino2018",5.32,646.392709702583,568.531288385947
"ff4a1d84-d490-11df-9e6c-00163e3d3b7c_l3.wcnf","Open.WBO.g",2.92,750.86201981449,216.861642309047
"ff4a1d84-d490-11df-9e6c-00163e3d3b7c_l3.wcnf","Open.WBO.ms",10.88,794.97431968835,209.12064354752
"ff4a1d84-d490-11df-9e6c-00163e3d3b7c_l3.wcnf","Open.WBO.ms.pre",8.92,800.729764792151,458.935481421135
"ff4a1d84-d490-11df-9e6c-00163e3d3b7c_l3.wcnf","QMaxSAT2018",4.15,765.992792904154,385.075640763859
"ff4a1d84-d490-11df-9e6c-00163e3d3b7c_l3.wcnf","UWrMaxSat.1.0",1.27,603.22000295453,241.654499466824
