"InstanceName","Solver","ActualRuntime","PredictedRuntime","Prediction_StandardError"
"ft10-808-1090.wcnf","MaxHS",131.05,283.70905251725,136.374413858426
"ft10-808-1090.wcnf","maxino2018",54.77,437.453252832439,133.274455862225
"ft10-808-1090.wcnf","Open.WBO.g",43.82,589.281870473215,166.686432504059
"ft10-808-1090.wcnf","Open.WBO.ms",299.62,691.330420858702,227.787986536618
"ft10-808-1090.wcnf","Open.WBO.ms.pre",153.33,204.167706417206,255.950063718296
"ft10-808-1090.wcnf","QMaxSAT2018",20.1,1338.98635239261,242.903529180399
"ft10-808-1090.wcnf","UWrMaxSat.1.0",47.08,45.8244160966712,212.826526002176
