"InstanceName","Solver","ActualRuntime","PredictedRuntime","Prediction_StandardError"
"g2_n38e52_n53e67.wcnf","MaxHS",3600,1276.76337133596,121.604773599599
"g2_n38e52_n53e67.wcnf","maxino2018",54.13,1369.45555596054,69.8336721109151
"g2_n38e52_n53e67.wcnf","Open.WBO.g",19.09,1336.47842215752,316.10693204131
"g2_n38e52_n53e67.wcnf","Open.WBO.ms",24.02,1100.45076693815,83.188733245146
"g2_n38e52_n53e67.wcnf","Open.WBO.ms.pre",13.28,1090.04382317217,62.0036480778197
"g2_n38e52_n53e67.wcnf","QMaxSAT2018",54.19,1746.13744053596,102.656217014467
"g2_n38e52_n53e67.wcnf","UWrMaxSat.1.0",11.07,1183.43182319995,90.2899465034618
