"InstanceName","Solver","ActualRuntime","PredictedRuntime","Prediction_StandardError"
"g2_n61e85_n120e154.wcnf","MaxHS",594.29,1152.88699668698,69.9088389269467
"g2_n61e85_n120e154.wcnf","maxino2018",71.38,1022.73227031169,57.2091449865342
"g2_n61e85_n120e154.wcnf","Open.WBO.g",143.5,1046.14852958278,73.5791699256938
"g2_n61e85_n120e154.wcnf","Open.WBO.ms",54.71,960.35753081539,87.4895209669422
"g2_n61e85_n120e154.wcnf","Open.WBO.ms.pre",28.11,863.540413576919,63.5571167794803
"g2_n61e85_n120e154.wcnf","QMaxSAT2018",3600,1171.64423639096,138.259958109167
"g2_n61e85_n120e154.wcnf","UWrMaxSat.1.0",41.99,943.822340248461,63.01140053154
