"InstanceName","Solver","ActualRuntime","PredictedRuntime","Prediction_StandardError"
"g2_n92e110_n96e105.wcnf","MaxHS",74.12,1278.86492517255,157.867106675597
"g2_n92e110_n96e105.wcnf","maxino2018",1.25,1114.96650449782,123.540917097392
"g2_n92e110_n96e105.wcnf","Open.WBO.g",1.26,1056.52545652427,206.926569627927
"g2_n92e110_n96e105.wcnf","Open.WBO.ms",4.59,870.673058300852,230.43500400693
"g2_n92e110_n96e105.wcnf","Open.WBO.ms.pre",5.41,828.908745257509,245.036791691577
"g2_n92e110_n96e105.wcnf","QMaxSAT2018",40.61,1522.93297457145,276.39563346296
"g2_n92e110_n96e105.wcnf","UWrMaxSat.1.0",1.01,994.957646557991,214.59339542498
