"InstanceName","Solver","ActualRuntime","PredictedRuntime","Prediction_StandardError"
"g2_n67e83_n68e73.wcnf","MaxHS",3600,2600.77453420695,1419.72102208072
"g2_n67e83_n68e73.wcnf","maxino2018",1103.92,1149.72175204015,495.955148195777
"g2_n67e83_n68e73.wcnf","Open.WBO.g",1258.79,1002.28816532753,295.669084344653
"g2_n67e83_n68e73.wcnf","Open.WBO.ms",262.02,688.104470580972,260.814064455199
"g2_n67e83_n68e73.wcnf","Open.WBO.ms.pre",153.69,605.76906315195,369.628907777686
"g2_n67e83_n68e73.wcnf","QMaxSAT2018",3600,938.78063611653,423.826747665719
"g2_n67e83_n68e73.wcnf","UWrMaxSat.1.0",582.53,1067.43398045033,416.640094069926
