"InstanceName","Solver","ActualRuntime","PredictedRuntime","Prediction_StandardError"
"g2_n50e50_n58e61.wcnf","MaxHS",1325.72,1025.43996608916,147.042406685236
"g2_n50e50_n58e61.wcnf","maxino2018",17.82,1035.44718612648,147.448685640615
"g2_n50e50_n58e61.wcnf","Open.WBO.g",11.74,1193.88301896241,159.775859725506
"g2_n50e50_n58e61.wcnf","Open.WBO.ms",13.48,1028.10841853539,174.883768065587
"g2_n50e50_n58e61.wcnf","Open.WBO.ms.pre",10.24,1020.7284864421,234.863985821663
"g2_n50e50_n58e61.wcnf","QMaxSAT2018",432.77,1569.00463631739,186.797465476267
"g2_n50e50_n58e61.wcnf","UWrMaxSat.1.0",9.91,902.476473439407,214.790843832362
