"InstanceName","Solver","ActualRuntime","PredictedRuntime","Prediction_StandardError"
"g2_n42e55_n44e53.wcnf","MaxHS",3600,974.88763858184,268.271515139584
"g2_n42e55_n44e53.wcnf","maxino2018",3600,1206.14014880282,104.278405040234
"g2_n42e55_n44e53.wcnf","Open.WBO.g",3600,1183.38989029612,158.73331616232
"g2_n42e55_n44e53.wcnf","Open.WBO.ms",3600,1165.42389520559,160.043573001498
"g2_n42e55_n44e53.wcnf","Open.WBO.ms.pre",3600,1071.24971644464,103.336236600786
"g2_n42e55_n44e53.wcnf","QMaxSAT2018",3600,1625.09262712487,161.619184425608
"g2_n42e55_n44e53.wcnf","UWrMaxSat.1.0",3600,1131.40952145014,88.2841690393932
