"InstanceName","Solver","ActualRuntime","PredictedRuntime","Prediction_StandardError"
"g2_n26e25_n48e52.wcnf","MaxHS",1157.7,1361.96316202131,567.02559185936
"g2_n26e25_n48e52.wcnf","maxino2018",0.25,1474.85423570283,109.166783463956
"g2_n26e25_n48e52.wcnf","Open.WBO.g",0.17,1586.99325776108,155.302015819733
"g2_n26e25_n48e52.wcnf","Open.WBO.ms",1.5,1474.34037861214,205.289430573361
"g2_n26e25_n48e52.wcnf","Open.WBO.ms.pre",3.1,1335.46597501289,320.267191205805
"g2_n26e25_n48e52.wcnf","QMaxSAT2018",0.21,2137.6799689866,187.896741247459
"g2_n26e25_n48e52.wcnf","UWrMaxSat.1.0",0.15,1212.50832322732,259.166537898134
