"InstanceName","Solver","ActualRuntime","PredictedRuntime","Prediction_StandardError"
"g2_n44e59_n69e83.wcnf","MaxHS",3600,1830.1919028867,94.1988993703212
"g2_n44e59_n69e83.wcnf","maxino2018",2868.66,1050.03404298025,126.652113337886
"g2_n44e59_n69e83.wcnf","Open.WBO.g",1470.06,1107.33592388002,120.555023212667
"g2_n44e59_n69e83.wcnf","Open.WBO.ms",186.99,712.350287758053,183.506458699599
"g2_n44e59_n69e83.wcnf","Open.WBO.ms.pre",174.56,725.422985824349,161.844363336449
"g2_n44e59_n69e83.wcnf","QMaxSAT2018",657.22,963.58252653195,167.221401425905
"g2_n44e59_n69e83.wcnf","UWrMaxSat.1.0",430.25,778.592983945678,123.956571327213
