"InstanceName","Solver","ActualRuntime","PredictedRuntime","Prediction_StandardError"
"g2_n45e48_n47e54.wcnf","MaxHS",774.47,1908.47264148307,495.684032693614
"g2_n45e48_n47e54.wcnf","maxino2018",173.88,1622.12348002622,120.662096315202
"g2_n45e48_n47e54.wcnf","Open.WBO.g",100.98,2267.87851259203,705.521803233192
"g2_n45e48_n47e54.wcnf","Open.WBO.ms",33.19,1690.36060537649,348.935903518081
"g2_n45e48_n47e54.wcnf","Open.WBO.ms.pre",46.54,1723.73028962717,102.644565956262
"g2_n45e48_n47e54.wcnf","QMaxSAT2018",227.25,2102.00931639394,142.543513597142
"g2_n45e48_n47e54.wcnf","UWrMaxSat.1.0",64.6,1428.58513055812,89.9807548137785
