"InstanceName","Solver","ActualRuntime","PredictedRuntime","Prediction_StandardError"
"g2_n37e45_n71e77.wcnf","MaxHS",50.95,1509.28444085961,317.974262853139
"g2_n37e45_n71e77.wcnf","maxino2018",1.3,1639.55237801841,371.732125830184
"g2_n37e45_n71e77.wcnf","Open.WBO.g",0.71,1546.877148796,99.7608017568756
"g2_n37e45_n71e77.wcnf","Open.WBO.ms",5.06,893.882086361642,136.265523520089
"g2_n37e45_n71e77.wcnf","Open.WBO.ms.pre",4.9,918.180202753904,119.94909732582
"g2_n37e45_n71e77.wcnf","QMaxSAT2018",8.31,2048.5753977236,131.367519220862
"g2_n37e45_n71e77.wcnf","UWrMaxSat.1.0",0.53,1255.79713615762,112.36354922023
