"InstanceName","Solver","ActualRuntime","PredictedRuntime","Prediction_StandardError"
"g2_n38e39_n146e164.wcnf","MaxHS",3600,1966.55736911104,86.2388550730981
"g2_n38e39_n146e164.wcnf","maxino2018",3600,1062.34011863821,105.334230680147
"g2_n38e39_n146e164.wcnf","Open.WBO.g",3600,1127.75370548191,106.303033784996
"g2_n38e39_n146e164.wcnf","Open.WBO.ms",3600,932.491919225157,154.925556867071
"g2_n38e39_n146e164.wcnf","Open.WBO.ms.pre",3600,728.979892774125,86.1244372854734
"g2_n38e39_n146e164.wcnf","QMaxSAT2018",3600,1274.43822184807,86.3381064329543
"g2_n38e39_n146e164.wcnf","UWrMaxSat.1.0",3600,818.950960392579,132.437053945467
