"InstanceName","Solver","ActualRuntime","PredictedRuntime","Prediction_StandardError"
"g3_n67e86_n89e98_n130e150.wcnf","MaxHS",572.31,993.829807635802,166.984218052054
"g3_n67e86_n89e98_n130e150.wcnf","maxino2018",8.57,693.607465746052,123.960265545734
"g3_n67e86_n89e98_n130e150.wcnf","Open.WBO.g",280.34,1232.17749944997,153.674503554679
"g3_n67e86_n89e98_n130e150.wcnf","Open.WBO.ms",133.95,939.615247543592,673.414544708901
"g3_n67e86_n89e98_n130e150.wcnf","Open.WBO.ms.pre",60.97,377.003212282405,105.663961451505
"g3_n67e86_n89e98_n130e150.wcnf","QMaxSAT2018",3600,1275.35241339563,207.661653478066
"g3_n67e86_n89e98_n130e150.wcnf","UWrMaxSat.1.0",2.54,706.391595684028,113.882326897186
