"InstanceName","Solver","ActualRuntime","PredictedRuntime","Prediction_StandardError"
"g3_n30e43_n40e53_n44e48.wcnf","MaxHS",3600,1594.60941513141,289.653922331276
"g3_n30e43_n40e53_n44e48.wcnf","maxino2018",498.49,1954.56681191144,197.262100378626
"g3_n30e43_n40e53_n44e48.wcnf","Open.WBO.g",3600,2344.81067643077,279.205439790165
"g3_n30e43_n40e53_n44e48.wcnf","Open.WBO.ms",148.86,1748.52438628211,233.658251778076
"g3_n30e43_n40e53_n44e48.wcnf","Open.WBO.ms.pre",118.83,1462.30748064806,330.786010692921
"g3_n30e43_n40e53_n44e48.wcnf","QMaxSAT2018",190.65,2164.68057346914,336.771126335872
"g3_n30e43_n40e53_n44e48.wcnf","UWrMaxSat.1.0",264.46,1384.89261570996,234.686504145668
