"InstanceName","Solver","ActualRuntime","PredictedRuntime","Prediction_StandardError"
"g3_n37e36_n37e35_n39e39.wcnf","MaxHS",1410.61,1278.62800687057,108.079779014953
"g3_n37e36_n37e35_n39e39.wcnf","maxino2018",768.83,1141.62124981345,152.491844563094
"g3_n37e36_n37e35_n39e39.wcnf","Open.WBO.g",1757.8,893.410159516386,145.836457918802
"g3_n37e36_n37e35_n39e39.wcnf","Open.WBO.ms",128.54,814.68506381936,131.777103412605
"g3_n37e36_n37e35_n39e39.wcnf","Open.WBO.ms.pre",89.27,640.257466940747,121.429866609947
"g3_n37e36_n37e35_n39e39.wcnf","QMaxSAT2018",665.25,1588.50505229103,215.892348043761
"g3_n37e36_n37e35_n39e39.wcnf","UWrMaxSat.1.0",175.85,1195.18391920949,110.30357852906
