"InstanceName","Solver","ActualRuntime","PredictedRuntime","Prediction_StandardError"
"g3_n39e42_n61e85_n72e77.wcnf","MaxHS",440.65,1116.56755146396,227.807677951187
"g3_n39e42_n61e85_n72e77.wcnf","maxino2018",2031.82,1022.60747330251,213.924021807799
"g3_n39e42_n61e85_n72e77.wcnf","Open.WBO.g",1052.12,867.408812376457,401.51670005519
"g3_n39e42_n61e85_n72e77.wcnf","Open.WBO.ms",121.69,793.344974320217,266.504214432927
"g3_n39e42_n61e85_n72e77.wcnf","Open.WBO.ms.pre",129.66,631.00783892528,313.101238404214
"g3_n39e42_n61e85_n72e77.wcnf","QMaxSAT2018",3329.46,1049.56371612008,353.673374622725
"g3_n39e42_n61e85_n72e77.wcnf","UWrMaxSat.1.0",2362.01,723.177832725682,227.210880485338
