"InstanceName","Solver","ActualRuntime","PredictedRuntime","Prediction_StandardError"
"g3_n66e77_n66e72_n94e112.wcnf","MaxHS",3600,1404.41150432264,141.623114737945
"g3_n66e77_n66e72_n94e112.wcnf","maxino2018",109.65,1083.6459992053,342.050127394261
"g3_n66e77_n66e72_n94e112.wcnf","Open.WBO.g",502.25,971.950733437073,284.833982143983
"g3_n66e77_n66e72_n94e112.wcnf","Open.WBO.ms",181.65,1348.67952229998,157.176780965933
"g3_n66e77_n66e72_n94e112.wcnf","Open.WBO.ms.pre",233.49,832.300172176089,121.010262270249
"g3_n66e77_n66e72_n94e112.wcnf","QMaxSAT2018",2412.34,1806.03355013247,380.303671722666
"g3_n66e77_n66e72_n94e112.wcnf","UWrMaxSat.1.0",50.52,938.446953453371,79.4308775123835
