"InstanceName","Solver","ActualRuntime","PredictedRuntime","Prediction_StandardError"
"g3_n39e39_n81e90_n91e99.wcnf","MaxHS",5.53,721.049856630071,119.814857532254
"g3_n39e39_n81e90_n91e99.wcnf","maxino2018",0.2,486.27335738088,102.570426719319
"g3_n39e39_n81e90_n91e99.wcnf","Open.WBO.g",0.71,425.144686315892,126.591551299317
"g3_n39e39_n81e90_n91e99.wcnf","Open.WBO.ms",4.95,423.420676264555,127.703905256925
"g3_n39e39_n81e90_n91e99.wcnf","Open.WBO.ms.pre",4.35,265.504555440128,102.782968426961
"g3_n39e39_n81e90_n91e99.wcnf","QMaxSAT2018",0.85,723.349192118537,103.720870525426
"g3_n39e39_n81e90_n91e99.wcnf","UWrMaxSat.1.0",0.2,425.250753173514,127.346275352342
