"InstanceName","Solver","ActualRuntime","PredictedRuntime","Prediction_StandardError"
"g3_n35e48_n41e57_n56e65.wcnf","MaxHS",3600,1637.77445821756,257.939722764372
"g3_n35e48_n41e57_n56e65.wcnf","maxino2018",394.64,1261.53657754609,139.64502800629
"g3_n35e48_n41e57_n56e65.wcnf","Open.WBO.g",130.31,1095.60543265491,107.058091931199
"g3_n35e48_n41e57_n56e65.wcnf","Open.WBO.ms",72.25,780.492559081556,143.253997293568
"g3_n35e48_n41e57_n56e65.wcnf","Open.WBO.ms.pre",97.97,592.600665173342,140.912796138199
"g3_n35e48_n41e57_n56e65.wcnf","QMaxSAT2018",215.36,1543.80377219267,409.612500846834
"g3_n35e48_n41e57_n56e65.wcnf","UWrMaxSat.1.0",311.21,779.196687236038,107.477539981397
