"InstanceName","Solver","ActualRuntime","PredictedRuntime","Prediction_StandardError"
"g3_n52e77_n57e74_n58e75.wcnf","MaxHS",3600,2087.8517414646,173.640581699456
"g3_n52e77_n57e74_n58e75.wcnf","maxino2018",10.53,1019.23066973108,206.912987132165
"g3_n52e77_n57e74_n58e75.wcnf","Open.WBO.g",81.33,848.890414001004,189.044742489654
"g3_n52e77_n57e74_n58e75.wcnf","Open.WBO.ms",123.33,692.140284483271,202.071854106297
"g3_n52e77_n57e74_n58e75.wcnf","Open.WBO.ms.pre",23.91,505.435657877183,188.529291811588
"g3_n52e77_n57e74_n58e75.wcnf","QMaxSAT2018",308.63,1824.31794698255,227.40700326693
"g3_n52e77_n57e74_n58e75.wcnf","UWrMaxSat.1.0",29.5,1080.19244170798,249.648039872371
