"InstanceName","Solver","ActualRuntime","PredictedRuntime","Prediction_StandardError"
"g3_n30e43_n32e44_n40e53.wcnf","MaxHS",3600,2344.95331379526,644.650825336914
"g3_n30e43_n32e44_n40e53.wcnf","maxino2018",417.81,1414.93068084757,134.909547549628
"g3_n30e43_n32e44_n40e53.wcnf","Open.WBO.g",1159.54,1221.27230433952,317.337212282566
"g3_n30e43_n32e44_n40e53.wcnf","Open.WBO.ms",70.19,905.27386608276,367.056538905532
"g3_n30e43_n32e44_n40e53.wcnf","Open.WBO.ms.pre",62.3,649.879708460066,1028.02115349937
"g3_n30e43_n32e44_n40e53.wcnf","QMaxSAT2018",151.26,1132.78787438119,215.212774054743
"g3_n30e43_n32e44_n40e53.wcnf","UWrMaxSat.1.0",233.54,678.182564585997,196.095769519084
