"InstanceName","Solver","ActualRuntime","PredictedRuntime","Prediction_StandardError"
"g3_n66e77_n74e84_n94e112.wcnf","MaxHS",3600,1198.75623083841,60.8251191996212
"g3_n66e77_n74e84_n94e112.wcnf","maxino2018",26.91,1051.89028954776,85.6662048486052
"g3_n66e77_n74e84_n94e112.wcnf","Open.WBO.g",48.15,1205.07663945893,189.818908777928
"g3_n66e77_n74e84_n94e112.wcnf","Open.WBO.ms",61.69,1104.58603650281,73.5102353940606
"g3_n66e77_n74e84_n94e112.wcnf","Open.WBO.ms.pre",26.42,959.879537602991,187.576358123791
"g3_n66e77_n74e84_n94e112.wcnf","QMaxSAT2018",182.47,1751.07570919093,152.7426382985
"g3_n66e77_n74e84_n94e112.wcnf","UWrMaxSat.1.0",13.05,993.364436298788,65.6916843795651
