"InstanceName","Solver","ActualRuntime","PredictedRuntime","Prediction_StandardError"
"g3_n26e25_n27e26_n42e48.wcnf","MaxHS",3600,1864.79097421704,284.517750017251
"g3_n26e25_n27e26_n42e48.wcnf","maxino2018",2459.77,1670.91620891766,81.5169973766659
"g3_n26e25_n27e26_n42e48.wcnf","Open.WBO.g",3600,2440.75642372844,320.637321199103
"g3_n26e25_n27e26_n42e48.wcnf","Open.WBO.ms",1265.5,1629.01355589865,232.454309739011
"g3_n26e25_n27e26_n42e48.wcnf","Open.WBO.ms.pre",821.54,1654.25831267513,93.9600605751997
"g3_n26e25_n27e26_n42e48.wcnf","QMaxSAT2018",1671.01,1827.02620404175,640.145779424046
"g3_n26e25_n27e26_n42e48.wcnf","UWrMaxSat.1.0",2170.78,1547.69014763718,96.2990615070929
