"InstanceName","Solver","ActualRuntime","PredictedRuntime","Prediction_StandardError"
"g3_n34e43_n59e60_n71e84.wcnf","MaxHS",393.28,2217.49655648279,280.766781909064
"g3_n34e43_n59e60_n71e84.wcnf","maxino2018",148.19,1350.15188862194,95.7775156353842
"g3_n34e43_n59e60_n71e84.wcnf","Open.WBO.g",468.97,1048.31059362557,146.728196389944
"g3_n34e43_n59e60_n71e84.wcnf","Open.WBO.ms",38.24,927.909065435286,65.135207927544
"g3_n34e43_n59e60_n71e84.wcnf","Open.WBO.ms.pre",35.1,477.586242028192,117.295176220234
"g3_n34e43_n59e60_n71e84.wcnf","QMaxSAT2018",197.13,1028.48216556256,187.857641281608
"g3_n34e43_n59e60_n71e84.wcnf","UWrMaxSat.1.0",98.12,788.167084346423,98.8097665279183
