"InstanceName","Solver","ActualRuntime","PredictedRuntime","Prediction_StandardError"
"g4_n58e71_n61e85_n100e127_n104e131.wcnf","MaxHS",433.32,1082.34763840265,155.325201750603
"g4_n58e71_n61e85_n100e127_n104e131.wcnf","maxino2018",18.29,1381.46387690719,102.206422182977
"g4_n58e71_n61e85_n100e127_n104e131.wcnf","Open.WBO.g",133.36,1420.3267981663,329.011833612668
"g4_n58e71_n61e85_n100e127_n104e131.wcnf","Open.WBO.ms",21.82,1085.8330048827,104.82328125847
"g4_n58e71_n61e85_n100e127_n104e131.wcnf","Open.WBO.ms.pre",24,811.75477818516,159.246001551425
"g4_n58e71_n61e85_n100e127_n104e131.wcnf","QMaxSAT2018",30.6,2030.8753093678,204.051725484502
"g4_n58e71_n61e85_n100e127_n104e131.wcnf","UWrMaxSat.1.0",12.45,1046.81229679117,124.611160199997
