"InstanceName","Solver","ActualRuntime","PredictedRuntime","Prediction_StandardError"
"g4_n69e80_n69e80_n69e80_n79e87.wcnf","MaxHS",9.87,1036.42808378882,140.421375708456
"g4_n69e80_n69e80_n69e80_n79e87.wcnf","maxino2018",0.6,1084.80456039859,113.74157649087
"g4_n69e80_n69e80_n69e80_n79e87.wcnf","Open.WBO.g",0.63,1424.99483999354,145.478884425118
"g4_n69e80_n69e80_n69e80_n79e87.wcnf","Open.WBO.ms",4.36,1225.30157356763,332.742685109494
"g4_n69e80_n69e80_n69e80_n79e87.wcnf","Open.WBO.ms.pre",5.42,789.566185053005,127.565203227898
"g4_n69e80_n69e80_n69e80_n79e87.wcnf","QMaxSAT2018",0.99,1926.66785791276,114.342022013545
"g4_n69e80_n69e80_n69e80_n79e87.wcnf","UWrMaxSat.1.0",0.48,873.88884441885,107.84272513303
