"InstanceName","Solver","ActualRuntime","PredictedRuntime","Prediction_StandardError"
"g4_n47e57_n58e61_n133e169_n141e184.wcnf","MaxHS",155.18,1082.3381177868,121.369612776712
"g4_n47e57_n58e61_n133e169_n141e184.wcnf","maxino2018",1.16,1106.72190783487,161.756407241282
"g4_n47e57_n58e61_n133e169_n141e184.wcnf","Open.WBO.g",2.28,1267.67366385151,74.744659893646
"g4_n47e57_n58e61_n133e169_n141e184.wcnf","Open.WBO.ms",6.13,1179.65164864054,99.6085835559972
"g4_n47e57_n58e61_n133e169_n141e184.wcnf","Open.WBO.ms.pre",8.34,1085.29877917487,72.6554138113232
"g4_n47e57_n58e61_n133e169_n141e184.wcnf","QMaxSAT2018",34.75,1899.54562796127,119.214843907944
"g4_n47e57_n58e61_n133e169_n141e184.wcnf","UWrMaxSat.1.0",0.79,1130.24381807354,128.72043850537
