"InstanceName","Solver","ActualRuntime","PredictedRuntime","Prediction_StandardError"
"g5_n39e38_n43e43_n61e61_n67e68_n82e119.wcnf","MaxHS",759.66,828.492017704782,208.109577758036
"g5_n39e38_n43e43_n61e61_n67e68_n82e119.wcnf","maxino2018",93.56,1049.19457320533,201.214334125012
"g5_n39e38_n43e43_n61e61_n67e68_n82e119.wcnf","Open.WBO.g",1133.67,773.761813838396,263.634468036486
"g5_n39e38_n43e43_n61e61_n67e68_n82e119.wcnf","Open.WBO.ms",437.59,760.476867491331,416.30957022931
"g5_n39e38_n43e43_n61e61_n67e68_n82e119.wcnf","Open.WBO.ms.pre",24.03,417.720862834539,185.259343595854
"g5_n39e38_n43e43_n61e61_n67e68_n82e119.wcnf","QMaxSAT2018",149.76,1584.53606148753,605.282765734084
"g5_n39e38_n43e43_n61e61_n67e68_n82e119.wcnf","UWrMaxSat.1.0",38.65,373.052055826349,212.160516190865
