"InstanceName","Solver","ActualRuntime","PredictedRuntime","Prediction_StandardError"
"g6_n25e24_n28e29_n32e33_n37e37_n38e39_n40e39.wcnf","MaxHS",281.95,1386.41397925998,131.990187655766
"g6_n25e24_n28e29_n32e33_n37e37_n38e39_n40e39.wcnf","maxino2018",47.69,1089.83673139447,351.272738330027
"g6_n25e24_n28e29_n32e33_n37e37_n38e39_n40e39.wcnf","Open.WBO.g",20.95,970.914667647599,288.046954797205
"g6_n25e24_n28e29_n32e33_n37e37_n38e39_n40e39.wcnf","Open.WBO.ms",31.53,1314.05847333835,135.28280924651
"g6_n25e24_n28e29_n32e33_n37e37_n38e39_n40e39.wcnf","Open.WBO.ms.pre",43.48,785.278605190443,561.404970121127
"g6_n25e24_n28e29_n32e33_n37e37_n38e39_n40e39.wcnf","QMaxSAT2018",54.39,1705.42436546027,602.055201963404
"g6_n25e24_n28e29_n32e33_n37e37_n38e39_n40e39.wcnf","UWrMaxSat.1.0",35.72,960.39255683683,79.8263901033784
