"InstanceName","Solver","ActualRuntime","PredictedRuntime","Prediction_StandardError"
"g7_n13e12_n13e12_n13e12_n13e12_n14e13_n15e14_n24e31.wcnf","MaxHS",386.35,1338.18764962278,65.9301397396216
"g7_n13e12_n13e12_n13e12_n13e12_n14e13_n15e14_n24e31.wcnf","maxino2018",48.13,1543.3193916603,72.8154214152916
"g7_n13e12_n13e12_n13e12_n13e12_n14e13_n15e14_n24e31.wcnf","Open.WBO.g",57.41,1691.62578908177,85.4701356620829
"g7_n13e12_n13e12_n13e12_n13e12_n14e13_n15e14_n24e31.wcnf","Open.WBO.ms",39.62,1522.75080041178,73.7683231193206
"g7_n13e12_n13e12_n13e12_n13e12_n14e13_n15e14_n24e31.wcnf","Open.WBO.ms.pre",67.83,1614.69178935046,259.537028386014
"g7_n13e12_n13e12_n13e12_n13e12_n14e13_n15e14_n24e31.wcnf","QMaxSAT2018",3600,1829.14694156977,189.72004091521
"g7_n13e12_n13e12_n13e12_n13e12_n14e13_n15e14_n24e31.wcnf","UWrMaxSat.1.0",57.08,1359.25020218547,204.561512941972
