"InstanceName","Solver","ActualRuntime","PredictedRuntime","Prediction_StandardError"
"g8_n44e59_n44e58_n47e63_n58e76_n67e94_n75e107_n123e161_n133e175.wcnf","MaxHS",463.19,2602.30931198586,320.395079090523
"g8_n44e59_n44e58_n47e63_n58e76_n67e94_n75e107_n123e161_n133e175.wcnf","maxino2018",10.68,2707.31069012516,409.877284909642
"g8_n44e59_n44e58_n47e63_n58e76_n67e94_n75e107_n123e161_n133e175.wcnf","Open.WBO.g",15.58,2975.44434132786,414.34424266739
"g8_n44e59_n44e58_n47e63_n58e76_n67e94_n75e107_n123e161_n133e175.wcnf","Open.WBO.ms",18.42,2559.05091151425,577.839528205828
"g8_n44e59_n44e58_n47e63_n58e76_n67e94_n75e107_n123e161_n133e175.wcnf","Open.WBO.ms.pre",29.22,2605.25110596825,379.813065553962
"g8_n44e59_n44e58_n47e63_n58e76_n67e94_n75e107_n123e161_n133e175.wcnf","QMaxSAT2018",95.85,2734.42897477957,824.233689758183
"g8_n44e59_n44e58_n47e63_n58e76_n67e94_n75e107_n123e161_n133e175.wcnf","UWrMaxSat.1.0",10.03,2841.79291951533,413.899334296207
