"InstanceName","Solver","ActualRuntime","PredictedRuntime","Prediction_StandardError"
"GenHyperTW_s208.wcnf","MaxHS",3600,2194.83435867858,185.51201747482
"GenHyperTW_s208.wcnf","maxino2018",3600,1575.57729843807,214.602076615325
"GenHyperTW_s208.wcnf","Open.WBO.g",3600,1709.34904558855,110.103681108942
"GenHyperTW_s208.wcnf","Open.WBO.ms",3600,1543.27898616088,157.321172080462
"GenHyperTW_s208.wcnf","Open.WBO.ms.pre",3600,1388.94951989782,67.7062500710917
"GenHyperTW_s208.wcnf","QMaxSAT2018",3600,1788.3293313661,133.124582742335
"GenHyperTW_s208.wcnf","UWrMaxSat.1.0",3600,1606.04915242022,157.267653272427
