"InstanceName","Solver","ActualRuntime","PredictedRuntime","Prediction_StandardError"
"GenHyperTW_2bitcomp_5.wcnf","MaxHS",3600,1995.76634284044,131.254201238246
"GenHyperTW_2bitcomp_5.wcnf","maxino2018",3600,1474.63141800325,82.7401184331142
"GenHyperTW_2bitcomp_5.wcnf","Open.WBO.g",3600,1580.69250461074,85.2971168154228
"GenHyperTW_2bitcomp_5.wcnf","Open.WBO.ms",3600,1417.34041370055,98.5766216215229
"GenHyperTW_2bitcomp_5.wcnf","Open.WBO.ms.pre",3600,1368.03257671766,88.3487266753127
"GenHyperTW_2bitcomp_5.wcnf","QMaxSAT2018",3600,1779.56008671308,106.76553543349
"GenHyperTW_2bitcomp_5.wcnf","UWrMaxSat.1.0",3600,1452.52555944659,111.385980629248
