"InstanceName","Solver","ActualRuntime","PredictedRuntime","Prediction_StandardError"
"iris.wcnf","MaxHS",3.93,1584.09007572986,69.430179216551
"iris.wcnf","maxino2018",11.79,1152.05467305611,380.923398618237
"iris.wcnf","Open.WBO.g",663.44,901.734264854462,129.038273787165
"iris.wcnf","Open.WBO.ms",160.13,777.00827207722,147.194877889292
"iris.wcnf","Open.WBO.ms.pre",44.91,757.084596424344,129.187582161778
"iris.wcnf","QMaxSAT2018",1338.56,1007.48176085392,88.7233922264181
"iris.wcnf","UWrMaxSat.1.0",1.48,1038.17815542354,179.88110408916
