"InstanceName","Solver","ActualRuntime","PredictedRuntime","Prediction_StandardError"
"k50-23-49rnapre.wcnf","MaxHS",63.58,967.673527135667,146.419747884423
"k50-23-49rnapre.wcnf","maxino2018",45.01,1000.85654466022,126.794745758451
"k50-23-49rnapre.wcnf","Open.WBO.g",28.25,935.459576769122,233.463769622644
"k50-23-49rnapre.wcnf","Open.WBO.ms",33.06,883.426582952391,201.251188947519
"k50-23-49rnapre.wcnf","Open.WBO.ms.pre",39.56,864.859655523491,260.031273005248
"k50-23-49rnapre.wcnf","QMaxSAT2018",1.96,1335.45089890196,175.283293460978
"k50-23-49rnapre.wcnf","UWrMaxSat.1.0",0.54,856.990890252559,212.530555247077
