"InstanceName","Solver","ActualRuntime","PredictedRuntime","Prediction_StandardError"
"k50-40-60rnapre.wcnf","MaxHS",57.03,991.02849372339,228.750673948839
"k50-40-60rnapre.wcnf","maxino2018",29.1,604.284207829556,88.6983437929905
"k50-40-60rnapre.wcnf","Open.WBO.g",147.02,620.704306252702,113.917598168168
"k50-40-60rnapre.wcnf","Open.WBO.ms",100.5,752.660620416922,201.875678566018
"k50-40-60rnapre.wcnf","Open.WBO.ms.pre",48.23,418.904742702346,125.247598257438
"k50-40-60rnapre.wcnf","QMaxSAT2018",1.15,1492.38015551455,92.545054779885
"k50-40-60rnapre.wcnf","UWrMaxSat.1.0",0.51,477.739205051231,125.608287469011
