"InstanceName","Solver","ActualRuntime","PredictedRuntime","Prediction_StandardError"
"maxcut-140-630-08-36.wcnf","MaxHS",3600,1182.71041420947,188.70745473386
"maxcut-140-630-08-36.wcnf","maxino2018",3600,2090.57933067726,216.227017010925
"maxcut-140-630-08-36.wcnf","Open.WBO.g",3600,1719.31704682238,92.4722711840744
"maxcut-140-630-08-36.wcnf","Open.WBO.ms",3600,1748.0077068562,86.3726704637521
"maxcut-140-630-08-36.wcnf","Open.WBO.ms.pre",3600,1666.23839216513,71.1786048567797
"maxcut-140-630-08-36.wcnf","QMaxSAT2018",3600,2610.64253431471,120.299281434016
"maxcut-140-630-08-36.wcnf","UWrMaxSat.1.0",3600,1893.81621699125,111.200771057008
