"InstanceName","Solver","ActualRuntime","PredictedRuntime","Prediction_StandardError"
"maxcut-140-630-07-15.wcnf","MaxHS",3600,1228.44799517462,959.940530150722
"maxcut-140-630-07-15.wcnf","maxino2018",3600,1932.99427344942,103.319670869874
"maxcut-140-630-07-15.wcnf","Open.WBO.g",3600,1919.91177810392,216.839675106957
"maxcut-140-630-07-15.wcnf","Open.WBO.ms",3600,1619.02626798967,185.687715658734
"maxcut-140-630-07-15.wcnf","Open.WBO.ms.pre",3600,1597.56210710658,222.439206878003
"maxcut-140-630-07-15.wcnf","QMaxSAT2018",3600,2867.82621423795,287.304760287525
"maxcut-140-630-07-15.wcnf","UWrMaxSat.1.0",3600,1889.42215624387,238.447255703475
