"InstanceName","Solver","ActualRuntime","PredictedRuntime","Prediction_StandardError"
"maxcut-140-630-08-34.wcnf","MaxHS",3600,1064.25403423161,58.8077497284402
"maxcut-140-630-08-34.wcnf","maxino2018",3600,1908.15978316298,38.5809491520549
"maxcut-140-630-08-34.wcnf","Open.WBO.g",3600,1272.01005549611,57.3572221019211
"maxcut-140-630-08-34.wcnf","Open.WBO.ms",3600,1232.19274544553,444.875001191872
"maxcut-140-630-08-34.wcnf","Open.WBO.ms.pre",3600,1385.73063414209,332.593930357657
"maxcut-140-630-08-34.wcnf","QMaxSAT2018",3600,2835.82486659144,159.693994476753
"maxcut-140-630-08-34.wcnf","UWrMaxSat.1.0",3600,1149.49071557024,55.227347233575
