"InstanceName","Solver","ActualRuntime","PredictedRuntime","Prediction_StandardError"
"maxcut-140-630-07-48.wcnf","MaxHS",3600,1327.17742215266,943.83192807166
"maxcut-140-630-07-48.wcnf","maxino2018",3600,2222.1777222424,181.348023539126
"maxcut-140-630-07-48.wcnf","Open.WBO.g",3600,2203.36730906055,464.398530006151
"maxcut-140-630-07-48.wcnf","Open.WBO.ms",3600,2134.78185159697,185.751797316201
"maxcut-140-630-07-48.wcnf","Open.WBO.ms.pre",3600,1908.47281829155,611.907234638417
"maxcut-140-630-07-48.wcnf","QMaxSAT2018",3600,3002.60520956395,355.392925611076
"maxcut-140-630-07-48.wcnf","UWrMaxSat.1.0",3600,2539.17434895008,290.015455963003
