"InstanceName","Solver","ActualRuntime","PredictedRuntime","Prediction_StandardError"
"MinFill_R3_miles1000.wcnf","MaxHS",2261.62,2257.48451956126,146.432255746148
"MinFill_R3_miles1000.wcnf","maxino2018",3600,1861.91686698669,235.320934412548
"MinFill_R3_miles1000.wcnf","Open.WBO.g",3600,2482.30683406188,324.847133308135
"MinFill_R3_miles1000.wcnf","Open.WBO.ms",3600,2857.75851532318,94.9012240152711
"MinFill_R3_miles1000.wcnf","Open.WBO.ms.pre",3600,2624.70727062387,427.601359179696
"MinFill_R3_miles1000.wcnf","QMaxSAT2018",3600,2776.48422576824,478.510424451206
"MinFill_R3_miles1000.wcnf","UWrMaxSat.1.0",3600,2581.92736635118,350.309593536036
