"InstanceName","Solver","ActualRuntime","PredictedRuntime","Prediction_StandardError"
"MinFill_R4_miles500.wcnf","MaxHS",3600,2416.04433381958,183.172617067786
"MinFill_R4_miles500.wcnf","maxino2018",3600,1866.41858368507,118.692009377732
"MinFill_R4_miles500.wcnf","Open.WBO.g",3600,1901.85024868484,384.225318654278
"MinFill_R4_miles500.wcnf","Open.WBO.ms",3600,1769.09365458458,333.252385900713
"MinFill_R4_miles500.wcnf","Open.WBO.ms.pre",3600,1694.03564323837,171.763603088108
"MinFill_R4_miles500.wcnf","QMaxSAT2018",3600,2591.00486871837,103.27214228311
"MinFill_R4_miles500.wcnf","UWrMaxSat.1.0",3600,1532.89076186053,390.390217158614
