"InstanceName","Solver","ActualRuntime","PredictedRuntime","Prediction_StandardError"
"MinFill_R0_miles1500.wcnf","MaxHS",401.08,2521.83766970437,201.759463337583
"MinFill_R0_miles1500.wcnf","maxino2018",430.33,2047.62994226996,660.293265418738
"MinFill_R0_miles1500.wcnf","Open.WBO.g",3600,1847.52793323549,553.671527006407
"MinFill_R0_miles1500.wcnf","Open.WBO.ms",3600,2197.88492455542,223.385941673875
"MinFill_R0_miles1500.wcnf","Open.WBO.ms.pre",3600,2158.54938558778,1074.96976360489
"MinFill_R0_miles1500.wcnf","QMaxSAT2018",3600,2532.61210565171,455.164721692731
"MinFill_R0_miles1500.wcnf","UWrMaxSat.1.0",3600,1431.58106373922,385.263003094877
