"InstanceName","Solver","ActualRuntime","PredictedRuntime","Prediction_StandardError"
"MinFill_R1_games120.wcnf","MaxHS",3600,2215.40679223215,81.0759855677651
"MinFill_R1_games120.wcnf","maxino2018",3600,1309.92800024225,95.9267500611238
"MinFill_R1_games120.wcnf","Open.WBO.g",3600,1224.43759015516,62.9282484718426
"MinFill_R1_games120.wcnf","Open.WBO.ms",3600,1383.3468174147,462.892822951298
"MinFill_R1_games120.wcnf","Open.WBO.ms.pre",3600,1089.06412898016,63.3944217740873
"MinFill_R1_games120.wcnf","QMaxSAT2018",3600,1834.65772112191,109.555377506544
"MinFill_R1_games120.wcnf","UWrMaxSat.1.0",3600,1394.64733976815,668.593633056268
