"InstanceName","Solver","ActualRuntime","PredictedRuntime","Prediction_StandardError"
"mul_8_3.wcnf","MaxHS",153.23,2219.18268211757,271.862325264327
"mul_8_3.wcnf","maxino2018",3600,1616.64677440733,1081.9151041305
"mul_8_3.wcnf","Open.WBO.g",3600,1758.58291699332,91.1104485740925
"mul_8_3.wcnf","Open.WBO.ms",1577.59,1714.83675425273,168.446996603128
"mul_8_3.wcnf","Open.WBO.ms.pre",3600,1339.96255125296,96.6627095040278
"mul_8_3.wcnf","QMaxSAT2018",3600,2134.23795705096,457.317602394344
"mul_8_3.wcnf","UWrMaxSat.1.0",3600,1579.9427002918,90.8905349586732
