"InstanceName","Solver","ActualRuntime","PredictedRuntime","Prediction_StandardError"
"mul_8_9.wcnf","MaxHS",3600,1520.91482913019,1023.38489691559
"mul_8_9.wcnf","maxino2018",3600,1589.02902176514,857.012200186437
"mul_8_9.wcnf","Open.WBO.g",3600,2082.30601727407,131.810164630635
"mul_8_9.wcnf","Open.WBO.ms",3600,1594.07824093676,159.221144336546
"mul_8_9.wcnf","Open.WBO.ms.pre",3600,1903.68783135143,667.607092285702
"mul_8_9.wcnf","QMaxSAT2018",3600,2150.0688684914,305.094654130893
"mul_8_9.wcnf","UWrMaxSat.1.0",3600,1843.2950658357,704.265527092026
