"InstanceName","Solver","ActualRuntime","PredictedRuntime","Prediction_StandardError"
"mul_8_11.wcnf","MaxHS",3600,2826.07833439578,98.608306802392
"mul_8_11.wcnf","maxino2018",3600,2905.32017459108,458.918694903392
"mul_8_11.wcnf","Open.WBO.g",3600,3015.7819191215,87.7586941167954
"mul_8_11.wcnf","Open.WBO.ms",3600,2911.93830921224,122.751679205227
"mul_8_11.wcnf","Open.WBO.ms.pre",3600,3056.49137489698,219.528060988868
"mul_8_11.wcnf","QMaxSAT2018",3600,3096.01924471197,94.837013447609
"mul_8_11.wcnf","UWrMaxSat.1.0",3600,3008.25502063446,119.681797495319
