"InstanceName","Solver","ActualRuntime","PredictedRuntime","Prediction_StandardError"
"mul_8_14.wcnf","MaxHS",3600,2737.25397232682,84.6741481897785
"mul_8_14.wcnf","maxino2018",3600,2855.45792691616,514.332057315541
"mul_8_14.wcnf","Open.WBO.g",3600,2971.68307640932,105.525497371299
"mul_8_14.wcnf","Open.WBO.ms",3600,2822.5554088387,116.914372117057
"mul_8_14.wcnf","Open.WBO.ms.pre",3600,3034.69416328169,140.483112828636
"mul_8_14.wcnf","QMaxSAT2018",3600,3074.36486061236,92.6993352375669
"mul_8_14.wcnf","UWrMaxSat.1.0",3600,2941.24388912483,124.222554565093
