"InstanceName","Solver","ActualRuntime","PredictedRuntime","Prediction_StandardError"
"mul_8_13.wcnf","MaxHS",3600,2248.38660973095,177.723091459128
"mul_8_13.wcnf","maxino2018",3600,2223.10053743143,483.125418266893
"mul_8_13.wcnf","Open.WBO.g",3600,2666.64822799752,975.972827971603
"mul_8_13.wcnf","Open.WBO.ms",3600,2088.8085737901,128.325057247767
"mul_8_13.wcnf","Open.WBO.ms.pre",3600,2360.74100916466,575.22989781247
"mul_8_13.wcnf","QMaxSAT2018",3600,2631.57753179182,445.015558149063
"mul_8_13.wcnf","UWrMaxSat.1.0",3600,2547.70800759261,306.596106517266
