"InstanceName","Solver","ActualRuntime","PredictedRuntime","Prediction_StandardError"
"orb08-894-1058.wcnf","MaxHS",22.98,1101.20282419721,152.197282102144
"orb08-894-1058.wcnf","maxino2018",10.4,782.21149088166,69.2173361380273
"orb08-894-1058.wcnf","Open.WBO.g",10.28,1072.10262808744,672.533830992396
"orb08-894-1058.wcnf","Open.WBO.ms",120.26,907.546295103032,566.529983670897
"orb08-894-1058.wcnf","Open.WBO.ms.pre",64.58,796.349628326248,805.047178058963
"orb08-894-1058.wcnf","QMaxSAT2018",7.66,1204.28048413555,681.301625961394
"orb08-894-1058.wcnf","UWrMaxSat.1.0",10.96,482.862650001052,101.177682658747
