"InstanceName","Solver","ActualRuntime","PredictedRuntime","Prediction_StandardError"
"p15.wcnf","MaxHS",61.43,1235.89198921684,55.0172140425083
"p15.wcnf","maxino2018",3.52,1233.79723809051,56.6315278940784
"p15.wcnf","Open.WBO.g",44.92,1444.65182321578,108.04993193879
"p15.wcnf","Open.WBO.ms",72.81,1404.77229592321,138.402347638158
"p15.wcnf","Open.WBO.ms.pre",70,1213.34358754013,70.6052039815872
"p15.wcnf","QMaxSAT2018",8.54,2221.55808435112,80.8475707113495
"p15.wcnf","UWrMaxSat.1.0",5.87,1166.62669416716,66.4441157134473
