"InstanceName","Solver","ActualRuntime","PredictedRuntime","Prediction_StandardError"
"p_hat300-3clq.wcnf","MaxHS",3600,2671.94320394737,382.65086705221
"p_hat300-3clq.wcnf","maxino2018",3600,3505.58045394737,163.694733716554
"p_hat300-3clq.wcnf","Open.WBO.g",3600,3458.19493421053,134.000361732136
"p_hat300-3clq.wcnf","Open.WBO.ms",3600,3433.03993319838,148.460611803537
"p_hat300-3clq.wcnf","Open.WBO.ms.pre",1700.96,3018.39251754386,86.2753485041024
"p_hat300-3clq.wcnf","QMaxSAT2018",3600,3512.45953947368,132.81346174354
"p_hat300-3clq.wcnf","UWrMaxSat.1.0",3600,3576.75726696259,92.3228838043405
