"InstanceName","Solver","ActualRuntime","PredictedRuntime","Prediction_StandardError"
"pesp_18Min.wcnf","MaxHS",3600,2081.0225918034,610.440980113878
"pesp_18Min.wcnf","maxino2018",3600,2282.75205164576,675.412449547087
"pesp_18Min.wcnf","Open.WBO.g",3600,2404.67946110364,783.067243415504
"pesp_18Min.wcnf","Open.WBO.ms",3600,2496.03817718114,705.969842939528
"pesp_18Min.wcnf","Open.WBO.ms.pre",3600,2759.53318491704,185.751942600467
"pesp_18Min.wcnf","QMaxSAT2018",3600,2500.20070738606,247.333427126809
"pesp_18Min.wcnf","UWrMaxSat.1.0",3600,2512.70842892233,212.782043074429
