"InstanceName","Solver","ActualRuntime","PredictedRuntime","Prediction_StandardError"
"ram_k4_n18ra0.wcnf","MaxHS",3600,3414.18823466643,145.310172014865
"ram_k4_n18ra0.wcnf","maxino2018",3600,3487.62898855666,154.184986547541
"ram_k4_n18ra0.wcnf","Open.WBO.g",3600,3465.01745812327,224.757312059647
"ram_k4_n18ra0.wcnf","Open.WBO.ms",3600,3462.5703149066,188.561659769634
"ram_k4_n18ra0.wcnf","Open.WBO.ms.pre",3600,3461.09325581395,281.351922583317
"ram_k4_n18ra0.wcnf","QMaxSAT2018",3600,3384.58609302326,235.782719798814
"ram_k4_n18ra0.wcnf","UWrMaxSat.1.0",3600,3475.52418902803,276.860254884372
