"InstanceName","Solver","ActualRuntime","PredictedRuntime","Prediction_StandardError"
"ram_k3_n10ra0.wcnf","MaxHS",3600,2273.53430327869,709.806101614279
"ram_k3_n10ra0.wcnf","maxino2018",3600,2629.56357124842,1030.48484121708
"ram_k3_n10ra0.wcnf","Open.WBO.g",3600,2738.69459016393,288.906948866305
"ram_k3_n10ra0.wcnf","Open.WBO.ms",3600,2688.15495901639,651.728510863859
"ram_k3_n10ra0.wcnf","Open.WBO.ms.pre",3600,2378.62516939891,197.196570966848
"ram_k3_n10ra0.wcnf","QMaxSAT2018",3600,3407.32981785064,215.657991291593
"ram_k3_n10ra0.wcnf","UWrMaxSat.1.0",3600,2597.45161202186,263.497111520238
