"InstanceName","Solver","ActualRuntime","PredictedRuntime","Prediction_StandardError"
"ram_k4_n20ra0.wcnf","MaxHS",3600,3414.66441176471,249.884002787308
"ram_k4_n20ra0.wcnf","maxino2018",3600,3392.51735294118,450.153842311735
"ram_k4_n20ra0.wcnf","Open.WBO.g",3600,3388.34522058824,431.371849159683
"ram_k4_n20ra0.wcnf","Open.WBO.ms",3600,2676.81581259427,260.754464539168
"ram_k4_n20ra0.wcnf","Open.WBO.ms.pre",3600,3494.43088235294,415.053147014882
"ram_k4_n20ra0.wcnf","QMaxSAT2018",3600,2967.19580882353,560.523740673348
"ram_k4_n20ra0.wcnf","UWrMaxSat.1.0",3600,2950.72272853279,567.635231376178
