"InstanceName","Solver","ActualRuntime","PredictedRuntime","Prediction_StandardError"
"ram_k3_n9ra0.wcnf","MaxHS",0.95,3134.37680921053,74.7011983115274
"ram_k3_n9ra0.wcnf","maxino2018",0.96,3514.37184680451,132.186041435881
"ram_k3_n9ra0.wcnf","Open.WBO.g",1.44,3553.33098684211,119.664195004783
"ram_k3_n9ra0.wcnf","Open.WBO.ms",0.68,3529.33519736842,125.567266242391
"ram_k3_n9ra0.wcnf","Open.WBO.ms.pre",0.81,3322.57288157895,679.252782792348
"ram_k3_n9ra0.wcnf","QMaxSAT2018",3600,3600,142.53185446962
"ram_k3_n9ra0.wcnf","UWrMaxSat.1.0",0.94,3505.35907894737,85.0281215425318
