"InstanceName","Solver","ActualRuntime","PredictedRuntime","Prediction_StandardError"
"ram_k3_n17ra0.wcnf","MaxHS",3600,3600,239.787817805761
"ram_k3_n17ra0.wcnf","maxino2018",3600,3600,421.795930840744
"ram_k3_n17ra0.wcnf","Open.WBO.g",3600,3600,337.870914039202
"ram_k3_n17ra0.wcnf","Open.WBO.ms",3600,3600,286.217377196203
"ram_k3_n17ra0.wcnf","Open.WBO.ms.pre",3600,3600,357.398190893561
"ram_k3_n17ra0.wcnf","QMaxSAT2018",3600,3600,380.559109592821
"ram_k3_n17ra0.wcnf","UWrMaxSat.1.0",3600,3503.50029411765,378.08644999997
