"InstanceName","Solver","ActualRuntime","PredictedRuntime","Prediction_StandardError"
"ram_k4_n19ra0.wcnf","MaxHS",3600,3432.14084612699,121.744767194624
"ram_k4_n19ra0.wcnf","maxino2018",3600,3422.9696792112,432.791225693609
"ram_k4_n19ra0.wcnf","Open.WBO.g",3600,3442.43095814307,85.9775688991971
"ram_k4_n19ra0.wcnf","Open.WBO.ms",3600,3390.55286348422,84.3325287905266
"ram_k4_n19ra0.wcnf","Open.WBO.ms.pre",3600,3409.27169670656,51.8078320561221
"ram_k4_n19ra0.wcnf","QMaxSAT2018",3600,3474.98128424658,205.625469421008
"ram_k4_n19ra0.wcnf","UWrMaxSat.1.0",3600,3380.92630379521,95.4533080392241
