"InstanceName","Solver","ActualRuntime","PredictedRuntime","Prediction_StandardError"
"ram_k3_n16ra0.wcnf","MaxHS",3600,3600,218.310326938192
"ram_k3_n16ra0.wcnf","maxino2018",3600,3600,192.935040994421
"ram_k3_n16ra0.wcnf","Open.WBO.g",3600,3600,230.036534768551
"ram_k3_n16ra0.wcnf","Open.WBO.ms",3600,3578.82358823529,194.391820289981
"ram_k3_n16ra0.wcnf","Open.WBO.ms.pre",3600,3600,304.334969623487
"ram_k3_n16ra0.wcnf","QMaxSAT2018",3600,3600,353.23885830977
"ram_k3_n16ra0.wcnf","UWrMaxSat.1.0",3600,3547.05882352941,247.342074033095
