"InstanceName","Solver","ActualRuntime","PredictedRuntime","Prediction_StandardError"
"rand21_l2.wcnf","MaxHS",1.13,1139.0758774105,54.6301162634554
"rand21_l2.wcnf","maxino2018",1.25,1058.45142689557,69.3508533852036
"rand21_l2.wcnf","Open.WBO.g",0.54,987.285965548781,73.8197684465002
"rand21_l2.wcnf","Open.WBO.ms",0.84,970.139577741348,90.6019281163909
"rand21_l2.wcnf","Open.WBO.ms.pre",0.64,899.362855767992,57.6922374171396
"rand21_l2.wcnf","QMaxSAT2018",26.53,1040.48860749641,91.7765618197091
"rand21_l2.wcnf","UWrMaxSat.1.0",2.22,998.088802481351,64.0062932101823
