"InstanceName","Solver","ActualRuntime","PredictedRuntime","Prediction_StandardError"
"rand290_l2.wcnf","MaxHS",1.06,804.313194985726,228.065661636543
"rand290_l2.wcnf","maxino2018",1.01,691.83338252121,218.172986235997
"rand290_l2.wcnf","Open.WBO.g",0.45,626.711667682715,242.737055051392
"rand290_l2.wcnf","Open.WBO.ms",0.6,661.763524094516,186.16197637453
"rand290_l2.wcnf","Open.WBO.ms.pre",0.63,749.099126898176,316.808138373347
"rand290_l2.wcnf","QMaxSAT2018",4.56,633.665354705229,329.33171025075
"rand290_l2.wcnf","UWrMaxSat.1.0",1.95,780.270037970002,291.124501585199
