"InstanceName","Solver","ActualRuntime","PredictedRuntime","Prediction_StandardError"
"rand507_l2.wcnf","MaxHS",0.44,1442.19146357066,381.073823267834
"rand507_l2.wcnf","maxino2018",0.36,1153.35512366104,140.021605155206
"rand507_l2.wcnf","Open.WBO.g",0.21,938.741262128025,147.994417916184
"rand507_l2.wcnf","Open.WBO.ms",0.25,924.76091083262,157.254219665017
"rand507_l2.wcnf","Open.WBO.ms.pre",0.28,804.552719724441,464.888948965435
"rand507_l2.wcnf","QMaxSAT2018",3.71,1685.17218297774,436.263744550706
"rand507_l2.wcnf","UWrMaxSat.1.0",0.6,812.693903509764,116.729937107167
