"InstanceName","Solver","ActualRuntime","PredictedRuntime","Prediction_StandardError"
"rand179_l2.wcnf","MaxHS",1.19,738.837387150252,143.28737804837
"rand179_l2.wcnf","maxino2018",0.78,673.957142512832,126.948263063449
"rand179_l2.wcnf","Open.WBO.g",0.35,645.910697483405,111.404297327212
"rand179_l2.wcnf","Open.WBO.ms",0.47,592.473697487699,132.662403348887
"rand179_l2.wcnf","Open.WBO.ms.pre",0.42,460.040547580642,118.938640173414
"rand179_l2.wcnf","QMaxSAT2018",7.66,559.397600364446,115.914598063884
"rand179_l2.wcnf","UWrMaxSat.1.0",1.42,655.414187090276,113.688964924918
