"InstanceName","Solver","ActualRuntime","PredictedRuntime","Prediction_StandardError"
"rand196_l2.wcnf","MaxHS",1.2,1117.47379070214,122.236975970052
"rand196_l2.wcnf","maxino2018",1.28,1045.84946113458,71.8787157419245
"rand196_l2.wcnf","Open.WBO.g",0.42,1115.6828624324,77.5102279823696
"rand196_l2.wcnf","Open.WBO.ms",0.57,970.038151029468,95.0275768477097
"rand196_l2.wcnf","Open.WBO.ms.pre",0.51,963.702584382433,59.3986214805088
"rand196_l2.wcnf","QMaxSAT2018",12.53,1101.31618080617,87.5426816961458
"rand196_l2.wcnf","UWrMaxSat.1.0",2.33,994.285451424547,98.6958686284346
