"InstanceName","Solver","ActualRuntime","PredictedRuntime","Prediction_StandardError"
"rand717_l2.wcnf","MaxHS",1.18,835.016571781093,164.457791402615
"rand717_l2.wcnf","maxino2018",0.93,673.645283803675,164.376801702938
"rand717_l2.wcnf","Open.WBO.g",0.36,832.518813535361,180.98210333754
"rand717_l2.wcnf","Open.WBO.ms",0.39,799.705495877796,190.697825513997
"rand717_l2.wcnf","Open.WBO.ms.pre",0.41,392.155576778124,112.635058975585
"rand717_l2.wcnf","QMaxSAT2018",14.35,1200.93297100247,194.95583574894
"rand717_l2.wcnf","UWrMaxSat.1.0",1.54,578.060305493672,105.958589890416
