"InstanceName","Solver","ActualRuntime","PredictedRuntime","Prediction_StandardError"
"rand313_l2.wcnf","MaxHS",0.78,477.246888875632,100.563091660216
"rand313_l2.wcnf","maxino2018",0.99,473.845436638957,120.877708622066
"rand313_l2.wcnf","Open.WBO.g",0.41,410.694351615084,125.473487974776
"rand313_l2.wcnf","Open.WBO.ms",0.49,360.861404906785,123.534922896546
"rand313_l2.wcnf","Open.WBO.ms.pre",0.41,311.393251015231,111.783823484158
"rand313_l2.wcnf","QMaxSAT2018",10.06,300.383421584124,113.854200599399
"rand313_l2.wcnf","UWrMaxSat.1.0",1.87,472.072991516719,126.07865078119
