"InstanceName","Solver","ActualRuntime","PredictedRuntime","Prediction_StandardError"
"rand308_l2.wcnf","MaxHS",0.7,1764.83318797213,705.725546920435
"rand308_l2.wcnf","maxino2018",0.35,995.332045329628,429.309903876115
"rand308_l2.wcnf","Open.WBO.g",0.23,1100.80775881454,383.184526617573
"rand308_l2.wcnf","Open.WBO.ms",0.27,779.074012632241,240.014338559426
"rand308_l2.wcnf","Open.WBO.ms.pre",0.26,1052.79826504032,600.937454327862
"rand308_l2.wcnf","QMaxSAT2018",9.66,1389.38206038583,346.771117871213
"rand308_l2.wcnf","UWrMaxSat.1.0",0.5,988.93171427422,407.348192572057
