"InstanceName","Solver","ActualRuntime","PredictedRuntime","Prediction_StandardError"
"rand943_l2.wcnf","MaxHS",1.11,438.911047091424,241.675145245236
"rand943_l2.wcnf","maxino2018",0.72,405.777796366997,429.711954931622
"rand943_l2.wcnf","Open.WBO.g",0.31,545.204987166905,365.735236495354
"rand943_l2.wcnf","Open.WBO.ms",0.38,176.805373143822,282.782793907389
"rand943_l2.wcnf","Open.WBO.ms.pre",0.44,211.880303011694,353.789121517055
"rand943_l2.wcnf","QMaxSAT2018",12.05,172.798188600863,399.212985829263
"rand943_l2.wcnf","UWrMaxSat.1.0",1.51,462.530196162061,382.449825154148
