"InstanceName","Solver","ActualRuntime","PredictedRuntime","Prediction_StandardError"
"rand209_l2.wcnf","MaxHS",0.79,537.669987548967,166.626567233263
"rand209_l2.wcnf","maxino2018",0.69,495.328949402145,137.943291073519
"rand209_l2.wcnf","Open.WBO.g",0.25,291.493582038765,131.834746283376
"rand209_l2.wcnf","Open.WBO.ms",0.32,363.605232419545,100.119960266418
"rand209_l2.wcnf","Open.WBO.ms.pre",0.35,315.317870325368,117.275097455022
"rand209_l2.wcnf","QMaxSAT2018",10.24,284.725920837824,139.772611637596
"rand209_l2.wcnf","UWrMaxSat.1.0",0.99,428.601574230609,119.166031048659
