"InstanceName","Solver","ActualRuntime","PredictedRuntime","Prediction_StandardError"
"rand984_l2.wcnf","MaxHS",1.14,889.23343149654,147.213787869897
"rand984_l2.wcnf","maxino2018",0.67,971.330877988404,103.693822931083
"rand984_l2.wcnf","Open.WBO.g",0.3,1093.01675521549,217.74404001254
"rand984_l2.wcnf","Open.WBO.ms",0.35,861.3996665531,200.731532262825
"rand984_l2.wcnf","Open.WBO.ms.pre",0.39,845.385172601236,245.160772598817
"rand984_l2.wcnf","QMaxSAT2018",4.91,1126.9566902708,193.338890185598
"rand984_l2.wcnf","UWrMaxSat.1.0",1.22,932.45581221117,217.487208341104
