"InstanceName","Solver","ActualRuntime","PredictedRuntime","Prediction_StandardError"
"rev66-22.wcnf","MaxHS",3600,1178.28487492757,140.269943219623
"rev66-22.wcnf","maxino2018",3600,1254.70237587225,349.579638175943
"rev66-22.wcnf","Open.WBO.g",3600,1400.26392243763,194.814723986078
"rev66-22.wcnf","Open.WBO.ms",3600,1417.16622497429,132.686422578379
"rev66-22.wcnf","Open.WBO.ms.pre",3600,1229.24347713019,182.129944579664
"rev66-22.wcnf","QMaxSAT2018",3600,2336.20693285068,112.844561942993
"rev66-22.wcnf","UWrMaxSat.1.0",3600,1205.98791316631,97.3468651878863
