"InstanceName","Solver","ActualRuntime","PredictedRuntime","Prediction_StandardError"
"rev66-20.wcnf","MaxHS",3600,1187.70477052489,76.3687912367175
"rev66-20.wcnf","maxino2018",3600,1141.07550172312,68.0800851015047
"rev66-20.wcnf","Open.WBO.g",3600,1285.1618408852,80.252613696716
"rev66-20.wcnf","Open.WBO.ms",3600,1176.09462727396,68.9057527293499
"rev66-20.wcnf","Open.WBO.ms.pre",3600,1131.63064837196,67.3717216048344
"rev66-20.wcnf","QMaxSAT2018",3600,1637.64631197401,278.74847600227
"rev66-20.wcnf","UWrMaxSat.1.0",3600,1094.71810233947,61.9143948423129
