"InstanceName","Solver","ActualRuntime","PredictedRuntime","Prediction_StandardError"
"rev66-32.wcnf","MaxHS",3600,1662.9331425206,157.064186175307
"rev66-32.wcnf","maxino2018",3600,1810.33580286805,484.391737861797
"rev66-32.wcnf","Open.WBO.g",3600,2227.26331657086,123.059388778751
"rev66-32.wcnf","Open.WBO.ms",3600,2051.60907151908,110.605742738078
"rev66-32.wcnf","Open.WBO.ms.pre",3600,1682.46026669284,153.416670042713
"rev66-32.wcnf","QMaxSAT2018",3600,2689.64037763157,116.820855693862
"rev66-32.wcnf","UWrMaxSat.1.0",3600,1421.68709525547,146.987684903102
