"InstanceName","Solver","ActualRuntime","PredictedRuntime","Prediction_StandardError"
"rev66-30.wcnf","MaxHS",3600,1500.41108576715,271.423371040629
"rev66-30.wcnf","maxino2018",3600,1330.05175504654,358.008072856304
"rev66-30.wcnf","Open.WBO.g",3600,1450.95743085577,249.545984235954
"rev66-30.wcnf","Open.WBO.ms",3600,1352.61795062817,250.080179305551
"rev66-30.wcnf","Open.WBO.ms.pre",3600,1181.66923661254,338.496904700239
"rev66-30.wcnf","QMaxSAT2018",3600,2018.77748398393,375.761755409759
"rev66-30.wcnf","UWrMaxSat.1.0",3600,1632.33932723315,243.886962166483
