"InstanceName","Solver","ActualRuntime","PredictedRuntime","Prediction_StandardError"
"rev66-10.wcnf","MaxHS",3600,1171.24537381681,144.062806492753
"rev66-10.wcnf","maxino2018",247.69,1231.49636288343,345.563647301721
"rev66-10.wcnf","Open.WBO.g",116.59,1356.86597495007,196.048769762224
"rev66-10.wcnf","Open.WBO.ms",103.04,1326.22975294058,110.492067210067
"rev66-10.wcnf","Open.WBO.ms.pre",109.82,1454.35879605979,633.205824133749
"rev66-10.wcnf","QMaxSAT2018",89.78,1284.55679219698,102.248527613708
"rev66-10.wcnf","UWrMaxSat.1.0",161.91,974.049957262619,105.650201138496
