"InstanceName","Solver","ActualRuntime","PredictedRuntime","Prediction_StandardError"
"rev66-8.wcnf","MaxHS",3600,1084.7479425682,618.706399487999
"rev66-8.wcnf","maxino2018",53.78,880.810078338559,205.074530629721
"rev66-8.wcnf","Open.WBO.g",36.98,631.886970810261,179.745253342632
"rev66-8.wcnf","Open.WBO.ms",50.06,626.207813174631,207.256738685605
"rev66-8.wcnf","Open.WBO.ms.pre",44.79,588.726634847856,186.285780565178
"rev66-8.wcnf","QMaxSAT2018",19.5,1008.10664062135,252.383679607971
"rev66-8.wcnf","UWrMaxSat.1.0",42.99,1153.00602930262,742.350680497523
