"InstanceName","Solver","ActualRuntime","PredictedRuntime","Prediction_StandardError"
"rev66-6.wcnf","MaxHS",36.16,1397.3532490239,476.422022406904
"rev66-6.wcnf","maxino2018",2.14,869.916476400412,101.788656113975
"rev66-6.wcnf","Open.WBO.g",0.93,849.036615243093,108.686773831817
"rev66-6.wcnf","Open.WBO.ms",8.79,890.672764621514,119.135916711311
"rev66-6.wcnf","Open.WBO.ms.pre",8.31,665.801005251343,117.530767982375
"rev66-6.wcnf","QMaxSAT2018",0.47,1099.69064991241,83.6168990929506
"rev66-6.wcnf","UWrMaxSat.1.0",1.36,727.187565855975,141.558902686635
