"InstanceName","Solver","ActualRuntime","PredictedRuntime","Prediction_StandardError"
"rev66-28.wcnf","MaxHS",3600,1569.77963436359,307.429856605015
"rev66-28.wcnf","maxino2018",3600,1838.67785155459,116.353210313059
"rev66-28.wcnf","Open.WBO.g",3600,1820.73302087687,185.678335487795
"rev66-28.wcnf","Open.WBO.ms",3600,1689.4268903047,481.432195538426
"rev66-28.wcnf","Open.WBO.ms.pre",3600,1653.76034921652,195.21597097779
"rev66-28.wcnf","QMaxSAT2018",3600,2555.9652705918,211.229003757647
"rev66-28.wcnf","UWrMaxSat.1.0",3600,1528.37570211731,134.948175449798
