"InstanceName","Solver","ActualRuntime","PredictedRuntime","Prediction_StandardError"
"rev66-16.wcnf","MaxHS",3600,1045.1009935889,180.416062624834
"rev66-16.wcnf","maxino2018",3600,1075.39936580294,171.794761399737
"rev66-16.wcnf","Open.WBO.g",3600,1467.29497168348,597.023167067895
"rev66-16.wcnf","Open.WBO.ms",3600,1490.80527678613,895.303089336272
"rev66-16.wcnf","Open.WBO.ms.pre",3600,1115.98009865891,86.0972199251495
"rev66-16.wcnf","QMaxSAT2018",3600,2008.36167072517,161.678196925043
"rev66-16.wcnf","UWrMaxSat.1.0",3600,757.343539251711,104.745435414084
