"InstanceName","Solver","ActualRuntime","PredictedRuntime","Prediction_StandardError"
"rev66-18.wcnf","MaxHS",3600,929.601517332839,163.727427721123
"rev66-18.wcnf","maxino2018",3600,1490.19318394032,156.039542334699
"rev66-18.wcnf","Open.WBO.g",3600,1614.46309865725,520.806105265153
"rev66-18.wcnf","Open.WBO.ms",3600,1506.91828181625,85.2777832968589
"rev66-18.wcnf","Open.WBO.ms.pre",3600,1528.66119468152,108.489473883109
"rev66-18.wcnf","QMaxSAT2018",3600,2149.50695773978,567.695103435244
"rev66-18.wcnf","UWrMaxSat.1.0",3600,1414.51021533382,181.707166757491
