"InstanceName","Solver","ActualRuntime","PredictedRuntime","Prediction_StandardError"
"rev66-24.wcnf","MaxHS",3600,1504.08416995992,200.062811374588
"rev66-24.wcnf","maxino2018",3600,1236.14579220134,226.710100488986
"rev66-24.wcnf","Open.WBO.g",3600,1410.22447732263,267.675955909531
"rev66-24.wcnf","Open.WBO.ms",3600,1162.99986322993,235.919216465584
"rev66-24.wcnf","Open.WBO.ms.pre",3600,955.274948584296,298.924307897282
"rev66-24.wcnf","QMaxSAT2018",3600,1865.22572269104,419.092781111064
"rev66-24.wcnf","UWrMaxSat.1.0",3600,1272.21258327605,240.490849207834
