"InstanceName","Solver","ActualRuntime","PredictedRuntime","Prediction_StandardError"
"rev66-14.wcnf","MaxHS",3600,1153.12861356446,219.265207465963
"rev66-14.wcnf","maxino2018",3600,690.404796830738,442.23892097609
"rev66-14.wcnf","Open.WBO.g",3600,1369.89380788008,278.91219212058
"rev66-14.wcnf","Open.WBO.ms",3600,222.530643290342,281.08948349496
"rev66-14.wcnf","Open.WBO.ms.pre",3600,420.872696117571,346.968818688047
"rev66-14.wcnf","QMaxSAT2018",3600,884.718739759952,413.774877888204
"rev66-14.wcnf","UWrMaxSat.1.0",3600,558.493614683837,389.444792176644
