"InstanceName","Solver","ActualRuntime","PredictedRuntime","Prediction_StandardError"
"rev66-26.wcnf","MaxHS",3600,1046.03109877224,112.512015552942
"rev66-26.wcnf","maxino2018",3600,1130.480174399,69.3832761291553
"rev66-26.wcnf","Open.WBO.g",3600,1196.62145905559,73.8023351761901
"rev66-26.wcnf","Open.WBO.ms",3600,1208.63024441082,91.1107781296431
"rev66-26.wcnf","Open.WBO.ms.pre",3600,1023.28000476683,61.6763745249204
"rev66-26.wcnf","QMaxSAT2018",3600,1621.29583342755,96.4567131263647
"rev66-26.wcnf","UWrMaxSat.1.0",3600,1062.41001614021,98.3648374816079
