"InstanceName","Solver","ActualRuntime","PredictedRuntime","Prediction_StandardError"
"rev66-12.wcnf","MaxHS",3600,929.659009726567,229.14436739597
"rev66-12.wcnf","maxino2018",3600,831.603120669855,213.781282459978
"rev66-12.wcnf","Open.WBO.g",3600,740.288961550366,269.208558687496
"rev66-12.wcnf","Open.WBO.ms",893.42,655.936588542401,218.37925975481
"rev66-12.wcnf","Open.WBO.ms.pre",977.49,651.977746844454,307.020525604222
"rev66-12.wcnf","QMaxSAT2018",3112.28,602.845906404079,366.744185634086
"rev66-12.wcnf","UWrMaxSat.1.0",3600,750.806555036866,360.621153373376
