"InstanceName","Solver","ActualRuntime","PredictedRuntime","Prediction_StandardError"
"san1000clq.wcnf","MaxHS",2.02,1261.44450073013,121.788904577062
"san1000clq.wcnf","maxino2018",3600,1150.3783635688,73.7215348354137
"san1000clq.wcnf","Open.WBO.g",41.14,1322.789168843,76.5534737095008
"san1000clq.wcnf","Open.WBO.ms",61.94,1295.6835764442,228.169388915224
"san1000clq.wcnf","Open.WBO.ms.pre",216.72,994.911807184988,62.1760998181242
"san1000clq.wcnf","QMaxSAT2018",3600,1877.40129867217,101.674996659614
"san1000clq.wcnf","UWrMaxSat.1.0",3.35,1174.48019979687,136.848416020273
