"InstanceName","Solver","ActualRuntime","PredictedRuntime","Prediction_StandardError"
"san200_09_3clq.wcnf","MaxHS",0.29,547.424513998516,145.249091326567
"san200_09_3clq.wcnf","maxino2018",3600,1041.69592368127,113.721896845404
"san200_09_3clq.wcnf","Open.WBO.g",968.19,1247.94159011709,121.649485383007
"san200_09_3clq.wcnf","Open.WBO.ms",760.59,1251.93852712033,134.03494537519
"san200_09_3clq.wcnf","Open.WBO.ms.pre",1833.3,1208.25587718863,75.0460202180799
"san200_09_3clq.wcnf","QMaxSAT2018",3600,2296.66537454004,190.90360670727
"san200_09_3clq.wcnf","UWrMaxSat.1.0",4.36,1161.17255713846,111.848979044368
