"InstanceName","Solver","ActualRuntime","PredictedRuntime","Prediction_StandardError"
"san400_05_1clq.wcnf","MaxHS",478.04,3219.86886821705,825.96951713742
"san400_05_1clq.wcnf","maxino2018",3600,3516.30139534884,153.598856721532
"san400_05_1clq.wcnf","Open.WBO.g",3600,3217.44120083262,458.469238197391
"san400_05_1clq.wcnf","Open.WBO.ms",3600,3265.92609302326,185.21233791434
"san400_05_1clq.wcnf","Open.WBO.ms.pre",978.92,2319.68330620155,220.14292722202
"san400_05_1clq.wcnf","QMaxSAT2018",3600,3404.33779069767,185.113875831882
"san400_05_1clq.wcnf","UWrMaxSat.1.0",3600,3098.21465116279,145.731001981713
