"InstanceName","Solver","ActualRuntime","PredictedRuntime","Prediction_StandardError"
"sanr200_07clq.wcnf","MaxHS",3600,2375.91925409836,184.506612715448
"sanr200_07clq.wcnf","maxino2018",3600,3427.91750819672,168.345593183751
"sanr200_07clq.wcnf","Open.WBO.g",3600,3325.36809836066,152.039972974303
"sanr200_07clq.wcnf","Open.WBO.ms",3600,3482.37221311475,232.313011316624
"sanr200_07clq.wcnf","Open.WBO.ms.pre",3600,1491.76605464481,183.537823199207
"sanr200_07clq.wcnf","QMaxSAT2018",3600,3481.29510746812,268.014943894501
"sanr200_07clq.wcnf","UWrMaxSat.1.0",3600,3600,202.609455409303
