"InstanceName","Solver","ActualRuntime","PredictedRuntime","Prediction_StandardError"
"SAT_RACE08__cnf__ibm-2004-01-k90cnfwcnf10.wcnf","MaxHS",9.47,1070.06560226741,76.1584550303801
"SAT_RACE08__cnf__ibm-2004-01-k90cnfwcnf10.wcnf","maxino2018",2.66,1169.55450792714,59.1669308569034
"SAT_RACE08__cnf__ibm-2004-01-k90cnfwcnf10.wcnf","Open.WBO.g",257.04,1382.26927752024,70.6528622509548
"SAT_RACE08__cnf__ibm-2004-01-k90cnfwcnf10.wcnf","Open.WBO.ms",421.56,1321.51913082748,103.362654527329
"SAT_RACE08__cnf__ibm-2004-01-k90cnfwcnf10.wcnf","Open.WBO.ms.pre",319.06,1140.77738865317,61.3838503032056
"SAT_RACE08__cnf__ibm-2004-01-k90cnfwcnf10.wcnf","QMaxSAT2018",3600,1917.52221548158,86.8740858401714
"SAT_RACE08__cnf__ibm-2004-01-k90cnfwcnf10.wcnf","UWrMaxSat.1.0",1.03,1114.85195764181,72.0179471310794
