"InstanceName","Solver","ActualRuntime","PredictedRuntime","Prediction_StandardError"
"sbox_8.wcnf","MaxHS",3600,2200.24265947104,248.152686291701
"sbox_8.wcnf","maxino2018",3600,1437.79324679609,200.121631954794
"sbox_8.wcnf","Open.WBO.g",3600,1678.03410946028,231.234653607225
"sbox_8.wcnf","Open.WBO.ms",3600,1546.15593757708,208.899166581031
"sbox_8.wcnf","Open.WBO.ms.pre",3600,1330.25143632255,313.9051081553
"sbox_8.wcnf","QMaxSAT2018",3600,1626.76408363644,361.753197947288
"sbox_8.wcnf","UWrMaxSat.1.0",3600,1427.84775280177,249.933598073647
