"InstanceName","Solver","ActualRuntime","PredictedRuntime","Prediction_StandardError"
"spi.wcnf","MaxHS",3600,881.204227115374,69.3923433879794
"spi.wcnf","maxino2018",2,758.122221040464,119.998211976899
"spi.wcnf","Open.WBO.g",9.18,523.457713748172,163.128473104916
"spi.wcnf","Open.WBO.ms",29.04,484.740018502149,136.352192729966
"spi.wcnf","Open.WBO.ms.pre",31.82,429.509575599341,105.418128764409
"spi.wcnf","QMaxSAT2018",2.27,584.242502144866,136.963648470496
"spi.wcnf","UWrMaxSat.1.0",4.89,552.381747655432,126.963542346628
