"InstanceName","Solver","ActualRuntime","PredictedRuntime","Prediction_StandardError"
"sudoku.wcnf","MaxHS",2371.9,2095.20302611866,176.460273431338
"sudoku.wcnf","maxino2018",2.92,1668.94660801793,134.12579608576
"sudoku.wcnf","Open.WBO.g",6.35,1689.32928340866,193.954181245327
"sudoku.wcnf","Open.WBO.ms",148.85,1514.56710523565,195.56930546091
"sudoku.wcnf","Open.WBO.ms.pre",20.39,1336.87041738312,247.009894782198
"sudoku.wcnf","QMaxSAT2018",3.37,1781.0334108039,219.436468895891
"sudoku.wcnf","UWrMaxSat.1.0",4.73,1596.07916383067,233.474323184873
