"InstanceName","Solver","ActualRuntime","PredictedRuntime","Prediction_StandardError"
"synthetic-12.wcnf","MaxHS",0.21,756.701544128271,942.594867941699
"synthetic-12.wcnf","maxino2018",0.95,341.583295189642,227.896894863306
"synthetic-12.wcnf","Open.WBO.g",0.08,555.474984047241,221.79523699349
"synthetic-12.wcnf","Open.WBO.ms",0.11,775.211151481715,187.063131747376
"synthetic-12.wcnf","Open.WBO.ms.pre",0.33,1182.38454571248,1556.33595684697
"synthetic-12.wcnf","QMaxSAT2018",20.08,1083.79340903247,541.453052518487
"synthetic-12.wcnf","UWrMaxSat.1.0",0.19,868.395930002602,119.073599271962
