"InstanceName","Solver","ActualRuntime","PredictedRuntime","Prediction_StandardError"
"tae.wcnf","MaxHS",3600,1202.31426538515,70.2823555117006
"tae.wcnf","maxino2018",421.67,1206.43388807149,71.7100938410132
"tae.wcnf","Open.WBO.g",3600,1211.84423753157,105.624825600909
"tae.wcnf","Open.WBO.ms",3600,1083.93359272165,73.4864079738461
"tae.wcnf","Open.WBO.ms.pre",289.6,1072.92266143742,64.3726865003937
"tae.wcnf","QMaxSAT2018",3600,1373.68621773542,139.008056245404
"tae.wcnf","UWrMaxSat.1.0",253.21,1035.24094475817,74.2365363386008
