"InstanceName","Solver","ActualRuntime","PredictedRuntime","Prediction_StandardError"
"TEAMS20_l10aacnf.wcnf","MaxHS",3.14,223.045768282989,245.533634605501
"TEAMS20_l10aacnf.wcnf","maxino2018",0.38,192.076076360979,438.993119784894
"TEAMS20_l10aacnf.wcnf","Open.WBO.g",5.74,1639.66995606028,640.570412165155
"TEAMS20_l10aacnf.wcnf","Open.WBO.ms",29.59,1820.76795852187,336.844118590831
"TEAMS20_l10aacnf.wcnf","Open.WBO.ms.pre",0.49,2500.23655392157,419.784428646968
"TEAMS20_l10aacnf.wcnf","QMaxSAT2018",13.01,2171.37090196078,255.465028303403
"TEAMS20_l10aacnf.wcnf","UWrMaxSat.1.0",0.28,67.2442254901961,368.444795037961
