"InstanceName","Solver","ActualRuntime","PredictedRuntime","Prediction_StandardError"
"TWComp_queen6_6_N36.wcnf","MaxHS",3600,1854.73511265304,1059.90789881855
"TWComp_queen6_6_N36.wcnf","maxino2018",3600,2204.06619191009,410.50142072926
"TWComp_queen6_6_N36.wcnf","Open.WBO.g",3600,1814.17718586367,770.675267894969
"TWComp_queen6_6_N36.wcnf","Open.WBO.ms",3600,1714.20452127219,1406.14662219598
"TWComp_queen6_6_N36.wcnf","Open.WBO.ms.pre",3600,1971.94158292903,361.543434595902
"TWComp_queen6_6_N36.wcnf","QMaxSAT2018",3600,1978.92231941572,242.768755289042
"TWComp_queen6_6_N36.wcnf","UWrMaxSat.1.0",3600,1744.68466112648,435.663026323304
