"InstanceName","Solver","ActualRuntime","PredictedRuntime","Prediction_StandardError"
"TWComp_1c75_N69.wcnf","MaxHS",3600,2017.73957166595,976.296984873861
"TWComp_1c75_N69.wcnf","maxino2018",3600,1325.96525916662,299.657629707013
"TWComp_1c75_N69.wcnf","Open.WBO.g",3600,1079.88200232069,350.616408651216
"TWComp_1c75_N69.wcnf","Open.WBO.ms",3600,924.451696218338,255.05061148962
"TWComp_1c75_N69.wcnf","Open.WBO.ms.pre",3600,1128.36128444936,434.603351815038
"TWComp_1c75_N69.wcnf","QMaxSAT2018",3600,781.803758858065,426.150480347763
"TWComp_1c75_N69.wcnf","UWrMaxSat.1.0",3600,1618.49724403193,411.667493074525
