"InstanceName","Solver","ActualRuntime","PredictedRuntime","Prediction_StandardError"
"TWComp_1dj7_N73.wcnf","MaxHS",3600,2028.49276684017,236.628761754803
"TWComp_1dj7_N73.wcnf","maxino2018",3600,1271.74621330177,300.002321419519
"TWComp_1dj7_N73.wcnf","Open.WBO.g",3600,1172.21759904392,165.837222950085
"TWComp_1dj7_N73.wcnf","Open.WBO.ms",3600,1140.48993183464,110.764068508962
"TWComp_1dj7_N73.wcnf","Open.WBO.ms.pre",2938.17,1110.37688239527,55.8362021799068
"TWComp_1dj7_N73.wcnf","QMaxSAT2018",3600,1710.15713444521,137.141696613927
"TWComp_1dj7_N73.wcnf","UWrMaxSat.1.0",3600,1173.49928926204,91.5912575950058
