"InstanceName","Solver","ActualRuntime","PredictedRuntime","Prediction_StandardError"
"TWComp_miles500_N128.wcnf","MaxHS",203.92,2095.20302611866,176.460273431338
"TWComp_miles500_N128.wcnf","maxino2018",159.38,1668.94660801793,134.12579608576
"TWComp_miles500_N128.wcnf","Open.WBO.g",548.36,1689.32928340866,193.954181245327
"TWComp_miles500_N128.wcnf","Open.WBO.ms",739.87,1514.56710523565,195.56930546091
"TWComp_miles500_N128.wcnf","Open.WBO.ms.pre",476.35,1336.87041738312,247.009894782198
"TWComp_miles500_N128.wcnf","QMaxSAT2018",141.57,1781.0334108039,219.436468895891
"TWComp_miles500_N128.wcnf","UWrMaxSat.1.0",135.84,1596.07916383067,233.474323184873
