"InstanceName","Solver","ActualRuntime","PredictedRuntime","Prediction_StandardError"
"TWComp_queen5_5_N25.wcnf","MaxHS",3600,1034.21087476607,161.263395294528
"TWComp_queen5_5_N25.wcnf","maxino2018",3600,707.538543892674,167.191095686714
"TWComp_queen5_5_N25.wcnf","Open.WBO.g",3600,599.001788507919,117.920742379512
"TWComp_queen5_5_N25.wcnf","Open.WBO.ms",3600,643.991740864278,149.160937485731
"TWComp_queen5_5_N25.wcnf","Open.WBO.ms.pre",3600,491.389330991722,131.564967860695
"TWComp_queen5_5_N25.wcnf","QMaxSAT2018",3600,859.082819359795,127.419766755133
"TWComp_queen5_5_N25.wcnf","UWrMaxSat.1.0",3600,641.132829654237,111.109278374729
