"InstanceName","Solver","ActualRuntime","PredictedRuntime","Prediction_StandardError"
"TWComp_1en2_N69.wcnf","MaxHS",330.68,2317.24721914515,185.649694074833
"TWComp_1en2_N69.wcnf","maxino2018",297.57,1529.60393418506,853.651985063018
"TWComp_1en2_N69.wcnf","Open.WBO.g",486.43,1278.75148063565,280.751228745783
"TWComp_1en2_N69.wcnf","Open.WBO.ms",513.87,1529.80030156645,447.416363242555
"TWComp_1en2_N69.wcnf","Open.WBO.ms.pre",351.94,1315.17118890682,221.981596060837
"TWComp_1en2_N69.wcnf","QMaxSAT2018",147.88,1665.13649888158,192.401358214742
"TWComp_1en2_N69.wcnf","UWrMaxSat.1.0",596.14,1646.84858750167,264.111644674838
