"InstanceName","Solver","ActualRuntime","PredictedRuntime","Prediction_StandardError"
"TWComp_celar02_N100.wcnf","MaxHS",16.69,2153.82463178995,149.123354183015
"TWComp_celar02_N100.wcnf","maxino2018",7.73,1508.03962053932,118.608514198641
"TWComp_celar02_N100.wcnf","Open.WBO.g",1.62,1644.12815694217,124.54317795906
"TWComp_celar02_N100.wcnf","Open.WBO.ms",38.15,1555.13399035425,185.247544288647
"TWComp_celar02_N100.wcnf","Open.WBO.ms.pre",26.92,1489.6500026168,106.827766961984
"TWComp_celar02_N100.wcnf","QMaxSAT2018",0.94,1960.23542148999,145.758390863398
"TWComp_celar02_N100.wcnf","UWrMaxSat.1.0",9.22,1517.02693181969,114.761994388005
