"InstanceName","Solver","ActualRuntime","PredictedRuntime","Prediction_StandardError"
"TWComp_pathfinder_N109.wcnf","MaxHS",21.32,2194.83435867858,185.51201747482
"TWComp_pathfinder_N109.wcnf","maxino2018",9.98,1575.57729843807,214.602076615325
"TWComp_pathfinder_N109.wcnf","Open.WBO.g",1.35,1709.34904558855,110.103681108942
"TWComp_pathfinder_N109.wcnf","Open.WBO.ms",30.23,1543.27898616088,157.321172080462
"TWComp_pathfinder_N109.wcnf","Open.WBO.ms.pre",29.52,1388.94951989782,67.7062500710917
"TWComp_pathfinder_N109.wcnf","QMaxSAT2018",1.13,1788.3293313661,133.124582742335
"TWComp_pathfinder_N109.wcnf","UWrMaxSat.1.0",12.35,1606.04915242022,157.267653272427
