"InstanceName","Solver","ActualRuntime","PredictedRuntime","Prediction_StandardError"
"TWComp_jean_N77.wcnf","MaxHS",6.22,2678.4379286407,91.6599820136562
"TWComp_jean_N77.wcnf","maxino2018",2.75,2605.54521729079,475.142212856136
"TWComp_jean_N77.wcnf","Open.WBO.g",0.55,2765.33297351278,145.563684879247
"TWComp_jean_N77.wcnf","Open.WBO.ms",19.36,2821.41376475536,140.389981260787
"TWComp_jean_N77.wcnf","Open.WBO.ms.pre",27.62,2854.1365876617,313.262924910941
"TWComp_jean_N77.wcnf","QMaxSAT2018",0.52,2910.64444451024,217.139820761439
"TWComp_jean_N77.wcnf","UWrMaxSat.1.0",3.43,2540.28129798348,229.721093665835
