"InstanceName","Solver","ActualRuntime","PredictedRuntime","Prediction_StandardError"
"TWComp_myciel5_N47.wcnf","MaxHS",3600,748.159383254182,138.422166188647
"TWComp_myciel5_N47.wcnf","maxino2018",3600,1012.06648314126,117.040284102814
"TWComp_myciel5_N47.wcnf","Open.WBO.g",3600,1050.98438692146,165.78280617677
"TWComp_myciel5_N47.wcnf","Open.WBO.ms",3600,1056.81171452824,314.679192179869
"TWComp_myciel5_N47.wcnf","Open.WBO.ms.pre",3600,817.726954513741,124.567039231541
"TWComp_myciel5_N47.wcnf","QMaxSAT2018",3600,2100.0449625743,119.38365506584
"TWComp_myciel5_N47.wcnf","UWrMaxSat.1.0",3600,779.774457345265,112.387840453137
