"InstanceName","Solver","ActualRuntime","PredictedRuntime","Prediction_StandardError"
"TWComp_1dp_N76.wcnf","MaxHS",3600,1527.86370386188,103.104005716606
"TWComp_1dp_N76.wcnf","maxino2018",3600,747.515667475386,346.488135775639
"TWComp_1dp_N76.wcnf","Open.WBO.g",3600,1049.21514690736,473.748969595156
"TWComp_1dp_N76.wcnf","Open.WBO.ms",3600,911.434192621498,316.655490411872
"TWComp_1dp_N76.wcnf","Open.WBO.ms.pre",3519.09,875.974194966639,162.232850853677
"TWComp_1dp_N76.wcnf","QMaxSAT2018",3600,1562.29802117488,131.251399652496
"TWComp_1dp_N76.wcnf","UWrMaxSat.1.0",3600,910.00491471125,129.500585482089
