"InstanceName","Solver","ActualRuntime","PredictedRuntime","Prediction_StandardError"
"TWComp_hepar2_N70.wcnf","MaxHS",4.21,2384.71237773926,221.133073872672
"TWComp_hepar2_N70.wcnf","maxino2018",1.76,1773.33319259527,1106.45611640206
"TWComp_hepar2_N70.wcnf","Open.WBO.g",12.84,1738.1635267908,249.527265099061
"TWComp_hepar2_N70.wcnf","Open.WBO.ms",26.73,1625.23862101746,1025.50133560402
"TWComp_hepar2_N70.wcnf","Open.WBO.ms.pre",24.1,1413.98573371388,273.389465385141
"TWComp_hepar2_N70.wcnf","QMaxSAT2018",0.27,1724.77952345883,430.860799635405
"TWComp_hepar2_N70.wcnf","UWrMaxSat.1.0",2.24,1645.6004995067,321.748319979333
