"InstanceName","Solver","ActualRuntime","PredictedRuntime","Prediction_StandardError"
"TWComp_eil51tsp_N51.wcnf","MaxHS",1869.15,1070.27908692081,120.771393266991
"TWComp_eil51tsp_N51.wcnf","maxino2018",2364.68,1091.65322572953,75.4661996810362
"TWComp_eil51tsp_N51.wcnf","Open.WBO.g",3276.12,1265.16316548332,81.3970114790603
"TWComp_eil51tsp_N51.wcnf","Open.WBO.ms",1165.04,1248.92513920033,87.7506891849488
"TWComp_eil51tsp_N51.wcnf","Open.WBO.ms.pre",796.02,1080.71148996478,59.8235129296737
"TWComp_eil51tsp_N51.wcnf","QMaxSAT2018",270.25,1938.48459497329,112.174449167853
"TWComp_eil51tsp_N51.wcnf","UWrMaxSat.1.0",302.26,1119.12361462839,99.7525975114701
