"InstanceName","Solver","ActualRuntime","PredictedRuntime","Prediction_StandardError"
"TWComp_huck_N74.wcnf","MaxHS",5.39,2789.84714636399,132.123558096595
"TWComp_huck_N74.wcnf","maxino2018",2.37,2165.99369867483,361.77826326303
"TWComp_huck_N74.wcnf","Open.WBO.g",13.17,2461.54660597143,122.387023991088
"TWComp_huck_N74.wcnf","Open.WBO.ms",32.55,2233.44876373562,339.360066856154
"TWComp_huck_N74.wcnf","Open.WBO.ms.pre",27.93,2173.4275165989,314.859078489043
"TWComp_huck_N74.wcnf","QMaxSAT2018",0.47,2835.2257417247,114.746122659147
"TWComp_huck_N74.wcnf","UWrMaxSat.1.0",2.87,2131.00175851112,117.273885852952
