"InstanceName","Solver","ActualRuntime","PredictedRuntime","Prediction_StandardError"
"TWComp_win95pts_N76.wcnf","MaxHS",6.1,2479.07150141213,117.048706234924
"TWComp_win95pts_N76.wcnf","maxino2018",2.86,2027.50512570303,100.792835176542
"TWComp_win95pts_N76.wcnf","Open.WBO.g",1.13,2063.28851495554,124.37438921711
"TWComp_win95pts_N76.wcnf","Open.WBO.ms",20.68,2103.51447519295,140.534541858151
"TWComp_win95pts_N76.wcnf","Open.WBO.ms.pre",25.83,2160.78537407579,866.605518645153
"TWComp_win95pts_N76.wcnf","QMaxSAT2018",0.86,2526.17908495028,94.6396107734838
"TWComp_win95pts_N76.wcnf","UWrMaxSat.1.0",3.4,1670.57007224263,1138.27951422144
