"InstanceName","Solver","ActualRuntime","PredictedRuntime","Prediction_StandardError"
"TWComp_queen7_7_N49.wcnf","MaxHS",3600,837.120456938492,229.823704626258
"TWComp_queen7_7_N49.wcnf","maxino2018",3600,958.303227653342,113.885728906312
"TWComp_queen7_7_N49.wcnf","Open.WBO.g",3600,1201.06954288343,148.202749679589
"TWComp_queen7_7_N49.wcnf","Open.WBO.ms",3600,998.522577264578,143.923432845141
"TWComp_queen7_7_N49.wcnf","Open.WBO.ms.pre",3600,983.789504470145,122.602260559475
"TWComp_queen7_7_N49.wcnf","QMaxSAT2018",3600,2126.07666983633,243.062959668151
"TWComp_queen7_7_N49.wcnf","UWrMaxSat.1.0",3600,948.125722801508,112.277176898848
