"InstanceName","Solver","ActualRuntime","PredictedRuntime","Prediction_StandardError"
"uaq-ppr-nr200-nc66-n5-k2-rpp4-ppr5-plb100.wcnf","MaxHS",3600,2184.17078613898,196.567775318744
"uaq-ppr-nr200-nc66-n5-k2-rpp4-ppr5-plb100.wcnf","maxino2018",75.92,2198.48852858296,917.402387299664
"uaq-ppr-nr200-nc66-n5-k2-rpp4-ppr5-plb100.wcnf","Open.WBO.g",22.34,2555.4214682773,653.078042747427
"uaq-ppr-nr200-nc66-n5-k2-rpp4-ppr5-plb100.wcnf","Open.WBO.ms",32.25,1856.63050261318,186.945597890547
"uaq-ppr-nr200-nc66-n5-k2-rpp4-ppr5-plb100.wcnf","Open.WBO.ms.pre",28.79,1605.59490917417,460.537415480397
"uaq-ppr-nr200-nc66-n5-k2-rpp4-ppr5-plb100.wcnf","QMaxSAT2018",15.98,2928.28199253233,317.335823004971
"uaq-ppr-nr200-nc66-n5-k2-rpp4-ppr5-plb100.wcnf","UWrMaxSat.1.0",30.31,1851.55310217419,148.223724680694
