"InstanceName","Solver","ActualRuntime","PredictedRuntime","Prediction_StandardError"
"wdbc_train_1_CNF_1_1.wcnf","MaxHS",1.11,1278.23084843598,180.437545202661
"wdbc_train_1_CNF_1_1.wcnf","maxino2018",0.03,1775.6479463182,205.366817260878
"wdbc_train_1_CNF_1_1.wcnf","Open.WBO.g",0.23,1613.44300300205,285.090958073797
"wdbc_train_1_CNF_1_1.wcnf","Open.WBO.ms",0.76,1172.6781395717,208.425684106642
"wdbc_train_1_CNF_1_1.wcnf","Open.WBO.ms.pre",0.43,856.391335190354,703.41406589439
"wdbc_train_1_CNF_1_1.wcnf","QMaxSAT2018",0.47,1616.91934045329,327.044156045526
"wdbc_train_1_CNF_1_1.wcnf","UWrMaxSat.1.0",0.04,1258.79695940453,252.577129490408
