"InstanceName","Solver","ActualRuntime","PredictedRuntime","Prediction_StandardError"
"wolfram72_8.wcnf","MaxHS",18.18,4.55178703703704,160.189268215569
"wolfram72_8.wcnf","maxino2018",18.22,8.16405982905983,124.744365330714
"wolfram72_8.wcnf","Open.WBO.g",22.79,56.3640138380138,140.612053640324
"wolfram72_8.wcnf","Open.WBO.ms",65.81,60.2559214489214,108.332582864049
"wolfram72_8.wcnf","Open.WBO.ms.pre",3600,3600,114.49466013577
"wolfram72_8.wcnf","QMaxSAT2018",3600,3561.71305555556,147.061097732486
"wolfram72_8.wcnf","UWrMaxSat.1.0",4.27,5.76181868131868,114.905295221982
