"InstanceName","Solver","ActualRuntime","PredictedRuntime","Prediction_StandardError"
"wqueens16_14wcspdir.wcnf","MaxHS",301.17,672.472938862398,149.203982255257
"wqueens16_14wcspdir.wcnf","maxino2018",0.18,1045.84944421606,98.4039575058178
"wqueens16_14wcspdir.wcnf","Open.WBO.g",0.1,1174.8395020993,143.95588521313
"wqueens16_14wcspdir.wcnf","Open.WBO.ms",8.73,1146.14987724367,123.234237229035
"wqueens16_14wcspdir.wcnf","Open.WBO.ms.pre",7.03,932.014199768483,157.226999953111
"wqueens16_14wcspdir.wcnf","QMaxSAT2018",0.07,1639.40093119253,96.1872319155678
"wqueens16_14wcspdir.wcnf","UWrMaxSat.1.0",0.8,1104.5491886061,90.8540293808349
