"InstanceName","Solver","ActualRuntime","PredictedRuntime","Prediction_StandardError"
"10tree425p.wcnf","MaxHS",44.3,1253.96053714948,113.959128844278
"10tree425p.wcnf","maxino2018",21.88,1111.56889788356,318.595409276127
"10tree425p.wcnf","Open.WBO.g",20.7,1218.82732552556,534.169649158098
"10tree425p.wcnf","Open.WBO.ms",41.81,1120.94336470604,0
"10tree425p.wcnf","Open.WBO.ms.pre",27.74,916.887067664654,244.37912676116
"10tree425p.wcnf","QMaxSAT2018",40.6,1194.32973901181,391.527411495857
"10tree425p.wcnf","UWrMaxSat.1.0",56.37,1012.84790015691,101.025769045499
