"InstanceName","Solver","ActualRuntime","PredictedRuntime","Prediction_StandardError"
"10tree320p.wcnf","MaxHS",10.58,816.519025102817,1840.61908112654
"10tree320p.wcnf","maxino2018",3.74,1187.21482297534,1863.91890094183
"10tree320p.wcnf","Open.WBO.g",6.7,1486.15248266607,2803.14395217962
"10tree320p.wcnf","Open.WBO.ms",17.78,1178.06806718707,1519.05550662305
"10tree320p.wcnf","Open.WBO.ms.pre",7.68,1122.57772321541,1771.44541029531
"10tree320p.wcnf","QMaxSAT2018",10.62,1420.9542229352,1908.98150942886
"10tree320p.wcnf","UWrMaxSat.1.0",1.94,853.455969565407,1211.48542108349
