"InstanceName","Solver","ActualRuntime","PredictedRuntime","Prediction_StandardError"
"10tree125p.wcnf","MaxHS",50.7,1146.29636636299,528.143335776984
"10tree125p.wcnf","maxino2018",19.4,909.241378499675,658.615509943894
"10tree125p.wcnf","Open.WBO.g",33.87,936.810144471047,0
"10tree125p.wcnf","Open.WBO.ms",57.92,911.308725388517,562.72574685188
"10tree125p.wcnf","Open.WBO.ms.pre",23.13,764.607514383686,577.777906247075
"10tree125p.wcnf","QMaxSAT2018",48.14,779.818575660498,496.708559653164
"10tree125p.wcnf","UWrMaxSat.1.0",119.23,834.924196983398,531.932921412474
