"InstanceName","Solver","ActualRuntime","PredictedRuntime","Prediction_StandardError"
"10tree315p.wcnf","MaxHS",15.55,706.854518295902,638.497845002434
"10tree315p.wcnf","maxino2018",4.92,472.380683783944,593.678513350107
"10tree315p.wcnf","Open.WBO.g",6.9,376.791424397698,141.373679438769
"10tree315p.wcnf","Open.WBO.ms",14.72,411.180039068378,463.618150069664
"10tree315p.wcnf","Open.WBO.ms.pre",11.39,354.598907789498,542.623431748539
"10tree315p.wcnf","QMaxSAT2018",11.24,360.17310388802,287.191455231256
"10tree315p.wcnf","UWrMaxSat.1.0",8.06,615.66742033075,317.301705738275
