"InstanceName","Solver","ActualRuntime","PredictedRuntime","Prediction_StandardError"
"10tree730p.wcnf","MaxHS",107.24,1253.96053714948,113.959128844278
"10tree730p.wcnf","maxino2018",66.33,1111.56889788356,318.595409276127
"10tree730p.wcnf","Open.WBO.g",77.82,1238.84335806088,653.950308728501
"10tree730p.wcnf","Open.WBO.ms",135.43,1152.07160577746,0
"10tree730p.wcnf","Open.WBO.ms.pre",63.4,942.779870164197,215.1787252083
"10tree730p.wcnf","QMaxSAT2018",88.28,1194.32973901181,391.527411495857
"10tree730p.wcnf","UWrMaxSat.1.0",387.11,1043.32420372834,292.180675851445
