"InstanceName","Solver","ActualRuntime","PredictedRuntime","Prediction_StandardError"
"10tree430p.wcnf","MaxHS",24.66,1012.81067994684,1044.11592328624
"10tree430p.wcnf","maxino2018",6.7,1260.41127577704,1730.49680870728
"10tree430p.wcnf","Open.WBO.g",35.71,1439.61526221827,837.606250488953
"10tree430p.wcnf","Open.WBO.ms",79.67,1747.31499169484,162.573800070316
"10tree430p.wcnf","Open.WBO.ms.pre",15.09,1449.33562029008,0
"10tree430p.wcnf","QMaxSAT2018",29.53,1929.11852965157,759.882634966473
"10tree430p.wcnf","UWrMaxSat.1.0",4.21,1770.59032205272,1458.4353338778
