"InstanceName","Solver","ActualRuntime","PredictedRuntime","Prediction_StandardError"
"10tree115p.wcnf","MaxHS",6.66,1145.38393862152,529.552908973791
"10tree115p.wcnf","maxino2018",3.86,908.91119331449,659.667244857142
"10tree115p.wcnf","Open.WBO.g",3.68,936.463309594504,0
"10tree115p.wcnf","Open.WBO.ms",13.58,910.521586499628,560.101858688232
"10tree115p.wcnf","Open.WBO.ms.pre",11.7,764.412306050353,577.524343035198
"10tree115p.wcnf","QMaxSAT2018",11.33,778.309341092597,498.330200607372
"10tree115p.wcnf","UWrMaxSat.1.0",3.5,860.863229572906,535.244049976844
