"InstanceName","Solver","ActualRuntime","PredictedRuntime","Prediction_StandardError"
"10tree825p.wcnf","MaxHS",10.35,1260.38379065554,365.753996605608
"10tree825p.wcnf","maxino2018",3.6,1369.53160137181,767.313631354934
"10tree825p.wcnf","Open.WBO.g",14.78,1602.54002016874,1317.33765628745
"10tree825p.wcnf","Open.WBO.ms",32.73,1564.61762515815,538.809639637717
"10tree825p.wcnf","Open.WBO.ms.pre",17.35,1564.87066851497,249.973044283133
"10tree825p.wcnf","QMaxSAT2018",15.33,1947.58147695758,859.46811007757
"10tree825p.wcnf","UWrMaxSat.1.0",2.48,1643.60848419992,900.426164377418
