"InstanceName","Solver","ActualRuntime","PredictedRuntime","Prediction_StandardError"
"15tree501p.wcnf","MaxHS",17.07,953.274516923074,0
"15tree501p.wcnf","maxino2018",10.12,1044.44594709835,178.612115015286
"15tree501p.wcnf","Open.WBO.g",13.33,1156.40481805367,0
"15tree501p.wcnf","Open.WBO.ms",48.98,1060.63168647308,270.707974979097
"15tree501p.wcnf","Open.WBO.ms.pre",45.4,946.831493546696,459.107543741913
"15tree501p.wcnf","QMaxSAT2018",21.43,1367.08660036787,572.96129053345
"15tree501p.wcnf","UWrMaxSat.1.0",24.9,1021.25612109035,403.652556062734
