"InstanceName","Solver","ActualRuntime","PredictedRuntime","Prediction_StandardError"
"15tree201p.wcnf","MaxHS",2.68,1150.28077016547,129.061369987028
"15tree201p.wcnf","maxino2018",3.43,1119.98657058584,331.493367255145
"15tree201p.wcnf","Open.WBO.g",3,1057.79669487464,320.630593969847
"15tree201p.wcnf","Open.WBO.ms",15.06,1151.36079559673,501.152134300121
"15tree201p.wcnf","Open.WBO.ms.pre",22.03,957.984166755609,50.8430117823721
"15tree201p.wcnf","QMaxSAT2018",80.31,1341.68213276814,357.930811748764
"15tree201p.wcnf","UWrMaxSat.1.0",4.92,1133.35757853378,0
