"InstanceName","Solver","ActualRuntime","PredictedRuntime","Prediction_StandardError"
"2c3aece6-c8b2-11df-a040-00163e3d3b7c_l3.wcnf","MaxHS",5.58,1026.81667893905,359.989826993923
"2c3aece6-c8b2-11df-a040-00163e3d3b7c_l3.wcnf","maxino2018",14.66,1271.98438167039,358.493409105109
"2c3aece6-c8b2-11df-a040-00163e3d3b7c_l3.wcnf","Open.WBO.g",10.3,1180.11754987576,307.973157027926
"2c3aece6-c8b2-11df-a040-00163e3d3b7c_l3.wcnf","Open.WBO.ms",26.61,1167.24899995862,0
"2c3aece6-c8b2-11df-a040-00163e3d3b7c_l3.wcnf","Open.WBO.ms.pre",14.56,1285.80065758444,874.016758921139
"2c3aece6-c8b2-11df-a040-00163e3d3b7c_l3.wcnf","QMaxSAT2018",8.35,1448.22596337871,900.590873704682
"2c3aece6-c8b2-11df-a040-00163e3d3b7c_l3.wcnf","UWrMaxSat.1.0",5.99,1096.32469408605,521.613927400944
