"InstanceName","Solver","ActualRuntime","PredictedRuntime","Prediction_StandardError"
"3col140_5_1shuffledcnf.wcnf","MaxHS",37.89,181.060697088423,18.1934034125203
"3col140_5_1shuffledcnf.wcnf","maxino2018",6.15,797.482673905406,799.81836263707
"3col140_5_1shuffledcnf.wcnf","Open.WBO.g",12.67,881.518790995581,548.916336037459
"3col140_5_1shuffledcnf.wcnf","Open.WBO.ms",26.97,723.466525274017,629.867626403955
"3col140_5_1shuffledcnf.wcnf","Open.WBO.ms.pre",38.88,662.092659620176,237.777283083644
"3col140_5_1shuffledcnf.wcnf","QMaxSAT2018",3.67,1343.92414261806,869.054250202597
"3col140_5_1shuffledcnf.wcnf","UWrMaxSat.1.0",12.88,769.101890454652,0
