"InstanceName","Solver","ActualRuntime","PredictedRuntime","Prediction_StandardError"
"3col140_5_6shuffledcnf.wcnf","MaxHS",64.16,150.29869047619,779.117963496475
"3col140_5_6shuffledcnf.wcnf","maxino2018",6.35,5.84702857142857,0
"3col140_5_6shuffledcnf.wcnf","Open.WBO.g",16.13,61.4042133333333,589.350534932957
"3col140_5_6shuffledcnf.wcnf","Open.WBO.ms",34.47,28.3739571428571,5.10395275073815
"3col140_5_6shuffledcnf.wcnf","Open.WBO.ms.pre",47.05,80.7469428571429,314.776180160766
"3col140_5_6shuffledcnf.wcnf","QMaxSAT2018",3.23,3.29021428571429,1.97736258713465
"3col140_5_6shuffledcnf.wcnf","UWrMaxSat.1.0",11.57,81.1785952380952,837.821596176369
