"InstanceName","Solver","ActualRuntime","PredictedRuntime","Prediction_StandardError"
"7f80e4f0-4fe9-11e0-acd7-00163e1e087d_l3.wcnf","MaxHS",38.79,332.934754079021,571.785245936952
"7f80e4f0-4fe9-11e0-acd7-00163e1e087d_l3.wcnf","maxino2018",4.27,231.548437768493,159.373963519384
"7f80e4f0-4fe9-11e0-acd7-00163e1e087d_l3.wcnf","Open.WBO.g",3.67,378.879575265431,422.007069784143
"7f80e4f0-4fe9-11e0-acd7-00163e1e087d_l3.wcnf","Open.WBO.ms",11.83,345.109120528885,564.001633152935
"7f80e4f0-4fe9-11e0-acd7-00163e1e087d_l3.wcnf","Open.WBO.ms.pre",12.17,1700.33187319327,899.868022325636
"7f80e4f0-4fe9-11e0-acd7-00163e1e087d_l3.wcnf","QMaxSAT2018",7.15,1718.77720789563,1069.28031988419
"7f80e4f0-4fe9-11e0-acd7-00163e1e087d_l3.wcnf","UWrMaxSat.1.0",5.93,244.960648312038,0
