"InstanceName","Solver","ActualRuntime","PredictedRuntime","Prediction_StandardError"
"AES1-40-6.wcnf","MaxHS",2.4,1088.54254028191,316.74088675288
"AES1-40-6.wcnf","maxino2018",0.9,1160.32644921526,0
"AES1-40-6.wcnf","Open.WBO.g",20.31,1277.22164264093,0
"AES1-40-6.wcnf","Open.WBO.ms",30.24,1202.75150088905,0
"AES1-40-6.wcnf","Open.WBO.ms.pre",31.6,995.616961651814,212.302871062446
"AES1-40-6.wcnf","QMaxSAT2018",3600,2272.58506087247,501.332994726726
"AES1-40-6.wcnf","UWrMaxSat.1.0",1.03,1087.47987270657,280.205872626608
