"InstanceName","Solver","ActualRuntime","PredictedRuntime","Prediction_StandardError"
"AES1-40-7.wcnf","MaxHS",2.37,830.491384205879,0
"AES1-40-7.wcnf","maxino2018",0.92,727.695980500364,336.786431551089
"AES1-40-7.wcnf","Open.WBO.g",15.18,880.644739569967,0
"AES1-40-7.wcnf","Open.WBO.ms",24.29,846.644083161838,0
"AES1-40-7.wcnf","Open.WBO.ms.pre",30.32,723.369099707056,455.986739936203
"AES1-40-7.wcnf","QMaxSAT2018",2050.01,2518.55615965988,556.084328976128
"AES1-40-7.wcnf","UWrMaxSat.1.0",1.05,790.593741816096,348.304526497035
