"InstanceName","Solver","ActualRuntime","PredictedRuntime","Prediction_StandardError"
"AES1-60-17.wcnf","MaxHS",3.32,1045.9557118148,749.085507600172
"AES1-60-17.wcnf","maxino2018",0.96,997.873221538745,0
"AES1-60-17.wcnf","Open.WBO.g",16.24,1230.05438609274,379.215355219883
"AES1-60-17.wcnf","Open.WBO.ms",28.57,1117.86787265452,0
"AES1-60-17.wcnf","Open.WBO.ms.pre",38.32,976.737593480592,0
"AES1-60-17.wcnf","QMaxSAT2018",3600,2201.33888115647,367.850364832968
"AES1-60-17.wcnf","UWrMaxSat.1.0",1.11,1055.0482438486,479.159133267975
