"InstanceName","Solver","ActualRuntime","PredictedRuntime","Prediction_StandardError"
"AES1-76-37.wcnf","MaxHS",170.21,1194.98797279479,311.360717280747
"AES1-76-37.wcnf","maxino2018",76.11,1241.0204692418,239.878638665306
"AES1-76-37.wcnf","Open.WBO.g",293.74,1379.96964986998,383.00638896208
"AES1-76-37.wcnf","Open.WBO.ms",184.83,1263.28013709447,247.827110860595
"AES1-76-37.wcnf","Open.WBO.ms.pre",144.46,1002.72204991712,233.655566337389
"AES1-76-37.wcnf","QMaxSAT2018",3600,2330.41667984158,504.717441712602
"AES1-76-37.wcnf","UWrMaxSat.1.0",17.63,1135.16559598937,374.509000685616
