"InstanceName","Solver","ActualRuntime","PredictedRuntime","Prediction_StandardError"
"AES1-30-5.wcnf","MaxHS",2.39,1088.54254028191,316.74088675288
"AES1-30-5.wcnf","maxino2018",0.69,1160.32644921526,0
"AES1-30-5.wcnf","Open.WBO.g",15.19,1277.22164264093,0
"AES1-30-5.wcnf","Open.WBO.ms",25.5,1202.75150088905,0
"AES1-30-5.wcnf","Open.WBO.ms.pre",25.4,995.616961651814,212.302871062446
"AES1-30-5.wcnf","QMaxSAT2018",216.91,2272.58506087247,501.332994726726
"AES1-30-5.wcnf","UWrMaxSat.1.0",1.23,1087.47987270657,280.205872626608
