"InstanceName","Solver","ActualRuntime","PredictedRuntime","Prediction_StandardError"
"AES1-70-24.wcnf","MaxHS",110.88,1076.38627752227,0
"AES1-70-24.wcnf","maxino2018",2.81,695.927213008062,565.965370971845
"AES1-70-24.wcnf","Open.WBO.g",27.09,835.55226393544,579.076759505526
"AES1-70-24.wcnf","Open.WBO.ms",37.7,603.696975873125,626.546461492855
"AES1-70-24.wcnf","Open.WBO.ms.pre",30.54,354.651663419095,212.713751919164
"AES1-70-24.wcnf","QMaxSAT2018",3600,3380.61367702315,473.830648370811
"AES1-70-24.wcnf","UWrMaxSat.1.0",2.72,702.191099448646,784.748488370251
