"InstanceName","Solver","ActualRuntime","PredictedRuntime","Prediction_StandardError"
"AES2-70-61.wcnf","MaxHS",526.25,953.945461616765,2299.91966821887
"AES2-70-61.wcnf","maxino2018",8.4,978.708793526067,2516.33097326362
"AES2-70-61.wcnf","Open.WBO.g",19.97,1310.92282997161,2698.18898944319
"AES2-70-61.wcnf","Open.WBO.ms",30.04,919.172741233257,1936.72396116013
"AES2-70-61.wcnf","Open.WBO.ms.pre",39.3,770.888721313768,1623.4111601642
"AES2-70-61.wcnf","QMaxSAT2018",3600,2489.84073702443,1750.60952196261
"AES2-70-61.wcnf","UWrMaxSat.1.0",7.37,1054.08810806817,1195.76547791506
