"InstanceName","Solver","ActualRuntime","PredictedRuntime","Prediction_StandardError"
"AES2-74-73.wcnf","MaxHS",6.53,1060.88381318638,0
"AES2-74-73.wcnf","maxino2018",2.32,761.275014765654,593.157058774544
"AES2-74-73.wcnf","Open.WBO.g",88.76,676.071510601869,214.408288759111
"AES2-74-73.wcnf","Open.WBO.ms",105.3,635.90214583204,420.860034685659
"AES2-74-73.wcnf","Open.WBO.ms.pre",33.25,353.427748139905,440.017103228142
"AES2-74-73.wcnf","QMaxSAT2018",3600,3117.6321018123,427.268285177108
"AES2-74-73.wcnf","UWrMaxSat.1.0",2.87,655.817735529317,238.612858188814
