"InstanceName","Solver","ActualRuntime","PredictedRuntime","Prediction_StandardError"
"AES2-50-52.wcnf","MaxHS",12.36,538.017450979212,295.426236263991
"AES2-50-52.wcnf","maxino2018",1.33,427.207886619982,583.614839508165
"AES2-50-52.wcnf","Open.WBO.g",16.28,527.160745630179,438.497030436056
"AES2-50-52.wcnf","Open.WBO.ms",26.64,597.8192072267,0
"AES2-50-52.wcnf","Open.WBO.ms.pre",24.05,569.842711853715,794.078125251804
"AES2-50-52.wcnf","QMaxSAT2018",3600,3093.7110872157,370.474087893689
"AES2-50-52.wcnf","UWrMaxSat.1.0",1.22,490.824314019635,0
