"InstanceName","Solver","ActualRuntime","PredictedRuntime","Prediction_StandardError"
"AES2-74-11.wcnf","MaxHS",1933.68,1118.2510293597,784.947595947808
"AES2-74-11.wcnf","maxino2018",11.2,1031.47001894094,0
"AES2-74-11.wcnf","Open.WBO.g",38.73,1269.80344831229,338.106770344698
"AES2-74-11.wcnf","Open.WBO.ms",43.52,1128.03307528298,0
"AES2-74-11.wcnf","Open.WBO.ms.pre",137.18,976.737593480592,0
"AES2-74-11.wcnf","QMaxSAT2018",3600,2201.33888115647,367.850364832968
"AES2-74-11.wcnf","UWrMaxSat.1.0",11.58,1091.39149431683,481.756119902626
