"InstanceName","Solver","ActualRuntime","PredictedRuntime","Prediction_StandardError"
"AES2-72-67.wcnf","MaxHS",3600,702.581260255951,522.137785881144
"AES2-72-67.wcnf","maxino2018",3600,435.642518639979,578.752339898686
"AES2-72-67.wcnf","Open.WBO.g",3600,565.185134791465,398.828717214699
"AES2-72-67.wcnf","Open.WBO.ms",2444.3,610.189214729892,0
"AES2-72-67.wcnf","Open.WBO.ms.pre",686.66,586.807499643352,741.906219885382
"AES2-72-67.wcnf","QMaxSAT2018",3600,3102.61907572144,340.20431625833
"AES2-72-67.wcnf","UWrMaxSat.1.0",3600,492.757487071997,0
