"InstanceName","Solver","ActualRuntime","PredictedRuntime","Prediction_StandardError"
"atcoss_sugar_12.wcnf","MaxHS",189.36,1762.44805658496,3055.18191705725
"atcoss_sugar_12.wcnf","maxino2018",16.66,883.273204816418,2206.67608722172
"atcoss_sugar_12.wcnf","Open.WBO.g",45.71,1967.75727773668,3850.75655058321
"atcoss_sugar_12.wcnf","Open.WBO.ms",147.25,1566.20884243308,3972.13609894381
"atcoss_sugar_12.wcnf","Open.WBO.ms.pre",109.4,1357.9904552539,4164.43507071641
"atcoss_sugar_12.wcnf","QMaxSAT2018",27.53,2097.83709961791,2930.62618043594
"atcoss_sugar_12.wcnf","UWrMaxSat.1.0",16.47,1302.32722418498,4153.63757165842
