"InstanceName","Solver","ActualRuntime","PredictedRuntime","Prediction_StandardError"
"atcoss_mesat_10.wcnf","MaxHS",1824.21,704.317447619048,1281.97133411062
"atcoss_mesat_10.wcnf","maxino2018",1091.65,923.034333333333,2191.67516738461
"atcoss_mesat_10.wcnf","Open.WBO.g",3600,927.324661054422,2720.65368776363
"atcoss_mesat_10.wcnf","Open.WBO.ms",2005.75,1191.89863571429,2095.69914192262
"atcoss_mesat_10.wcnf","Open.WBO.ms.pre",576.93,1039.31147619048,2516.04155122738
"atcoss_mesat_10.wcnf","QMaxSAT2018",1099.65,700.094571428571,1711.21628850042
"atcoss_mesat_10.wcnf","UWrMaxSat.1.0",479.64,1188.90733333333,3018.21044189481
