"InstanceName","Solver","ActualRuntime","PredictedRuntime","Prediction_StandardError"
"atcoss_mesat_05.wcnf","MaxHS",2066.8,2820.97092357325,737.2306298573
"atcoss_mesat_05.wcnf","maxino2018",3600,2969.73496937477,662.932713601094
"atcoss_mesat_05.wcnf","Open.WBO.g",3600,2892.01898982188,984.229053590287
"atcoss_mesat_05.wcnf","Open.WBO.ms",3600,2793.7714351145,673.28155892592
"atcoss_mesat_05.wcnf","Open.WBO.ms.pre",3264.92,2762.84865521628,1545.26040445794
"atcoss_mesat_05.wcnf","QMaxSAT2018",3198.25,2506.97947413062,591.161768305348
"atcoss_mesat_05.wcnf","UWrMaxSat.1.0",2810.63,2908.37408036472,743.15383397235
