"InstanceName","Solver","ActualRuntime","PredictedRuntime","Prediction_StandardError"
"b14_C-mbd14-0307.wcnf","MaxHS",122.29,1065.99363607878,623.313412897141
"b14_C-mbd14-0307.wcnf","maxino2018",178.16,814.025462887273,478.877959078261
"b14_C-mbd14-0307.wcnf","Open.WBO.g",25.18,773.962395693551,580.457407677965
"b14_C-mbd14-0307.wcnf","Open.WBO.ms",33.3,763.02560133706,0
"b14_C-mbd14-0307.wcnf","Open.WBO.ms.pre",132.61,657.545363989013,357.288158870141
"b14_C-mbd14-0307.wcnf","QMaxSAT2018",401.29,1365.17829370367,375.719247291522
"b14_C-mbd14-0307.wcnf","UWrMaxSat.1.0",8.36,850.092117746086,0
