"InstanceName","Solver","ActualRuntime","PredictedRuntime","Prediction_StandardError"
"b14_C-mbd14-0225.wcnf","MaxHS",449.63,864.849866543156,0
"b14_C-mbd14-0225.wcnf","maxino2018",172.83,642.937395035344,0
"b14_C-mbd14-0225.wcnf","Open.WBO.g",24.5,754.628939359045,228.275343500382
"b14_C-mbd14-0225.wcnf","Open.WBO.ms",46.29,781.890476506413,0
"b14_C-mbd14-0225.wcnf","Open.WBO.ms.pre",144.85,774.136189516036,484.89067464826
"b14_C-mbd14-0225.wcnf","QMaxSAT2018",2994.23,765.027555850284,729.894264524482
"b14_C-mbd14-0225.wcnf","UWrMaxSat.1.0",24.54,484.100666717271,655.438208786928
