"InstanceName","Solver","ActualRuntime","PredictedRuntime","Prediction_StandardError"
"b17_C-mbd14-0304.wcnf","MaxHS",2.47,764.298644371829,317.762039812505
"b17_C-mbd14-0304.wcnf","maxino2018",0.29,987.280565215459,282.717151341017
"b17_C-mbd14-0304.wcnf","Open.WBO.g",0.42,1045.96253041069,824.37474677414
"b17_C-mbd14-0304.wcnf","Open.WBO.ms",0.44,1014.56830110341,580.159723063261
"b17_C-mbd14-0304.wcnf","Open.WBO.ms.pre",0.53,901.693698923973,627.839665371306
"b17_C-mbd14-0304.wcnf","QMaxSAT2018",2.94,1200.74178865081,0
"b17_C-mbd14-0304.wcnf","UWrMaxSat.1.0",0.74,868.360582407457,630.007550358295
