"InstanceName","Solver","ActualRuntime","PredictedRuntime","Prediction_StandardError"
"b17_C-mbd14-0370.wcnf","MaxHS",5.71,942.962895697168,0
"b17_C-mbd14-0370.wcnf","maxino2018",0.46,1248.63206360229,676.320756753202
"b17_C-mbd14-0370.wcnf","Open.WBO.g",0.4,1097.78908372764,478.152373433477
"b17_C-mbd14-0370.wcnf","Open.WBO.ms",0.43,1057.59671990192,0
"b17_C-mbd14-0370.wcnf","Open.WBO.ms.pre",1.2,1040.5708069004,652.032324881239
"b17_C-mbd14-0370.wcnf","QMaxSAT2018",20.95,1426.08504649775,497.075382992115
"b17_C-mbd14-0370.wcnf","UWrMaxSat.1.0",1.14,1051.93248602824,290.809046645167
