"InstanceName","Solver","ActualRuntime","PredictedRuntime","Prediction_StandardError"
"b20_C-mbd14-0354.wcnf","MaxHS",14.17,1139.86119169819,332.477283356992
"b20_C-mbd14-0354.wcnf","maxino2018",0.63,1053.21338261318,210.030549458545
"b20_C-mbd14-0354.wcnf","Open.WBO.g",1.12,1033.84980864721,0
"b20_C-mbd14-0354.wcnf","Open.WBO.ms",22.41,931.650572579493,0
"b20_C-mbd14-0354.wcnf","Open.WBO.ms.pre",13.8,941.770207574692,157.619788733709
"b20_C-mbd14-0354.wcnf","QMaxSAT2018",125.46,1166.68670755847,269.123955622461
"b20_C-mbd14-0354.wcnf","UWrMaxSat.1.0",1.18,1088.336553167,266.440326172292
