"InstanceName","Solver","ActualRuntime","PredictedRuntime","Prediction_StandardError"
"b20_C-mbd14-0328.wcnf","MaxHS",17.33,1178.67336671048,326.470410882821
"b20_C-mbd14-0328.wcnf","maxino2018",0.35,1211.98512653409,317.325026530387
"b20_C-mbd14-0328.wcnf","Open.WBO.g",1.07,1123.47923450629,370.877267253639
"b20_C-mbd14-0328.wcnf","Open.WBO.ms",17.04,1103.40820848753,332.155338128694
"b20_C-mbd14-0328.wcnf","Open.WBO.ms.pre",9.67,936.367559949924,0
"b20_C-mbd14-0328.wcnf","QMaxSAT2018",14.51,1398.98143225626,354.927520699745
"b20_C-mbd14-0328.wcnf","UWrMaxSat.1.0",0.71,1137.2148113886,315.805022920557
