"InstanceName","Solver","ActualRuntime","PredictedRuntime","Prediction_StandardError"
"b20_C-mbd14-0255.wcnf","MaxHS",41.36,748.89958335446,314.857938392687
"b20_C-mbd14-0255.wcnf","maxino2018",1.87,803.543342960217,696.308069573032
"b20_C-mbd14-0255.wcnf","Open.WBO.g",3.91,786.340217689451,662.853186229682
"b20_C-mbd14-0255.wcnf","Open.WBO.ms",25.91,810.837985254261,858.923713766033
"b20_C-mbd14-0255.wcnf","Open.WBO.ms.pre",16.31,716.513270715709,347.97542419691
"b20_C-mbd14-0255.wcnf","QMaxSAT2018",184.15,750.112796831479,0
"b20_C-mbd14-0255.wcnf","UWrMaxSat.1.0",2.74,709.942570940267,517.04837206916
