"InstanceName","Solver","ActualRuntime","PredictedRuntime","Prediction_StandardError"
"b21_C-mbd14-0205.wcnf","MaxHS",109.72,376.43162816961,283.865914992963
"b21_C-mbd14-0205.wcnf","maxino2018",0.95,225.444099820216,721.66779223047
"b21_C-mbd14-0205.wcnf","Open.WBO.g",2.27,187.881781051484,0
"b21_C-mbd14-0205.wcnf","Open.WBO.ms",20.48,168.645452432719,361.164686509951
"b21_C-mbd14-0205.wcnf","Open.WBO.ms.pre",15.43,128.962141406681,286.495697903229
"b21_C-mbd14-0205.wcnf","QMaxSAT2018",159.16,241.239888517738,462.880440163784
"b21_C-mbd14-0205.wcnf","UWrMaxSat.1.0",1.33,252.648686471426,518.794793481436
