"InstanceName","Solver","ActualRuntime","PredictedRuntime","Prediction_StandardError"
"b21_C-mbd14-0295.wcnf","MaxHS",166.67,1041.00112346374,1967.0490272976
"b21_C-mbd14-0295.wcnf","maxino2018",13.71,957.016205121883,2108.07261336828
"b21_C-mbd14-0295.wcnf","Open.WBO.g",16.32,775.345238249399,2064.56278597913
"b21_C-mbd14-0295.wcnf","Open.WBO.ms",36.7,817.379928538309,1687.11463167118
"b21_C-mbd14-0295.wcnf","Open.WBO.ms.pre",64.57,718.856488443336,1385.56773166201
"b21_C-mbd14-0295.wcnf","QMaxSAT2018",500.79,903.18163325922,1950.3492400203
"b21_C-mbd14-0295.wcnf","UWrMaxSat.1.0",10.38,797.478799873557,1694.77984142104
