"InstanceName","Solver","ActualRuntime","PredictedRuntime","Prediction_StandardError"
"b21_C-mbd14-0267.wcnf","MaxHS",33.5,1135.03679885393,344.762779166471
"b21_C-mbd14-0267.wcnf","maxino2018",3.36,1053.24065064039,210.126243618829
"b21_C-mbd14-0267.wcnf","Open.WBO.g",3.01,1008.25145093746,0
"b21_C-mbd14-0267.wcnf","Open.WBO.ms",20.97,889.727315294181,173.525805817648
"b21_C-mbd14-0267.wcnf","Open.WBO.ms.pre",13.86,904.316115331691,0
"b21_C-mbd14-0267.wcnf","QMaxSAT2018",69.39,1166.68670755847,269.123955622461
"b21_C-mbd14-0267.wcnf","UWrMaxSat.1.0",1.15,1069.37685270617,0
