"InstanceName","Solver","ActualRuntime","PredictedRuntime","Prediction_StandardError"
"b21_C-mbd14-0349.wcnf","MaxHS",38.2,507.213172948746,500.211871914628
"b21_C-mbd14-0349.wcnf","maxino2018",0.4,565.828191165981,233.289681965509
"b21_C-mbd14-0349.wcnf","Open.WBO.g",1.08,362.303231166303,0
"b21_C-mbd14-0349.wcnf","Open.WBO.ms",22.59,447.28339126817,203.287667864693
"b21_C-mbd14-0349.wcnf","Open.WBO.ms.pre",13.51,468.140410648684,305.398938149326
"b21_C-mbd14-0349.wcnf","QMaxSAT2018",16.76,450.337802975964,506.996493965296
"b21_C-mbd14-0349.wcnf","UWrMaxSat.1.0",0.82,533.16651704752,412.11290763727
