"InstanceName","Solver","ActualRuntime","PredictedRuntime","Prediction_StandardError"
"b21_C-mbd14-0217.wcnf","MaxHS",19.02,1194.01808425583,232.087363860081
"b21_C-mbd14-0217.wcnf","maxino2018",0.36,1212.01636122797,317.087434603405
"b21_C-mbd14-0217.wcnf","Open.WBO.g",1.24,1123.53034164915,371.646159763781
"b21_C-mbd14-0217.wcnf","Open.WBO.ms",14.3,1100.71306622937,343.282648241197
"b21_C-mbd14-0217.wcnf","Open.WBO.ms.pre",16.88,936.502964711828,0
"b21_C-mbd14-0217.wcnf","QMaxSAT2018",17.59,1378.86172446405,333.578096174422
"b21_C-mbd14-0217.wcnf","UWrMaxSat.1.0",0.88,1118.25511092777,0
