"InstanceName","Solver","ActualRuntime","PredictedRuntime","Prediction_StandardError"
"b22_C-mbd14-0241.wcnf","MaxHS",11.17,421.527369234085,1253.27019067252
"b22_C-mbd14-0241.wcnf","maxino2018",0.4,400.774248179306,0
"b22_C-mbd14-0241.wcnf","Open.WBO.g",0.61,532.961219669152,1080.79899738577
"b22_C-mbd14-0241.wcnf","Open.WBO.ms",0.82,467.813260104719,1562.07208256927
"b22_C-mbd14-0241.wcnf","Open.WBO.ms.pre",8.26,361.896057277373,953.134934288355
"b22_C-mbd14-0241.wcnf","QMaxSAT2018",5.6,678.221025526148,2064.43294535332
"b22_C-mbd14-0241.wcnf","UWrMaxSat.1.0",1.01,409.651458764804,811.023378929789
