"InstanceName","Solver","ActualRuntime","PredictedRuntime","Prediction_StandardError"
"b22_C-mbd14-0223.wcnf","MaxHS",6.26,783.675262692919,166.695570990489
"b22_C-mbd14-0223.wcnf","maxino2018",0.36,962.540913711316,441.932732616038
"b22_C-mbd14-0223.wcnf","Open.WBO.g",0.55,965.552969582645,423.091206081932
"b22_C-mbd14-0223.wcnf","Open.WBO.ms",0.59,927.043433533842,616.542961149579
"b22_C-mbd14-0223.wcnf","Open.WBO.ms.pre",0.81,899.373839623702,644.32533685984
"b22_C-mbd14-0223.wcnf","QMaxSAT2018",14.76,910.330968788548,396.518435290468
"b22_C-mbd14-0223.wcnf","UWrMaxSat.1.0",0.74,844.038664804693,530.233194732413
