"InstanceName","Solver","ActualRuntime","PredictedRuntime","Prediction_StandardError"
"b22_C-mbd14-0300.wcnf","MaxHS",12.12,925.826523132105,0
"b22_C-mbd14-0300.wcnf","maxino2018",0.44,956.955816663383,0
"b22_C-mbd14-0300.wcnf","Open.WBO.g",0.52,970.124922466823,403.433561057226
"b22_C-mbd14-0300.wcnf","Open.WBO.ms",3.63,954.057728730012,459.801840604087
"b22_C-mbd14-0300.wcnf","Open.WBO.ms.pre",0.75,858.161570631815,286.201813375449
"b22_C-mbd14-0300.wcnf","QMaxSAT2018",6.14,1069.95098078371,0
"b22_C-mbd14-0300.wcnf","UWrMaxSat.1.0",1.05,925.987287729147,510.863284825109
