"InstanceName","Solver","ActualRuntime","PredictedRuntime","Prediction_StandardError"
"b22_C-mbd14-0240.wcnf","MaxHS",16.24,723.422569810116,427.144859607782
"b22_C-mbd14-0240.wcnf","maxino2018",0.49,889.126364428786,0
"b22_C-mbd14-0240.wcnf","Open.WBO.g",0.57,975.628543952411,0
"b22_C-mbd14-0240.wcnf","Open.WBO.ms",0.66,945.435432295423,20.8253561352225
"b22_C-mbd14-0240.wcnf","Open.WBO.ms.pre",1.58,894.531973560753,627.758852475778
"b22_C-mbd14-0240.wcnf","QMaxSAT2018",9.67,1057.70245046865,748.734197574056
"b22_C-mbd14-0240.wcnf","UWrMaxSat.1.0",1.39,844.616233932295,501.83707452828
