"InstanceName","Solver","ActualRuntime","PredictedRuntime","Prediction_StandardError"
"b22_C-mbd14-0222.wcnf","MaxHS",4.97,1016.09709403494,399.584654014976
"b22_C-mbd14-0222.wcnf","maxino2018",0.37,1000.02119369321,213.157438883096
"b22_C-mbd14-0222.wcnf","Open.WBO.g",0.6,1119.40432508938,212.299739587743
"b22_C-mbd14-0222.wcnf","Open.WBO.ms",0.61,1073.55541460829,0
"b22_C-mbd14-0222.wcnf","Open.WBO.ms.pre",11.09,990.491593290795,0
"b22_C-mbd14-0222.wcnf","QMaxSAT2018",6.66,1297.11407193325,142.209892350605
"b22_C-mbd14-0222.wcnf","UWrMaxSat.1.0",0.81,976.199253660638,510.339714705133
