"InstanceName","Solver","ActualRuntime","PredictedRuntime","Prediction_StandardError"
"c5315_F1@0.wcnf","MaxHS",0,301.486903853348,0
"c5315_F1@0.wcnf","maxino2018",0,1180.46958822111,960.100206249312
"c5315_F1@0.wcnf","Open.WBO.g",0,1895.27528947731,0
"c5315_F1@0.wcnf","Open.WBO.ms",0.01,1863.83744240818,1177.88604728689
"c5315_F1@0.wcnf","Open.WBO.ms.pre",0.01,575.323674216343,683.915450782744
"c5315_F1@0.wcnf","QMaxSAT2018",3600,2844.43150576906,507.833003584073
"c5315_F1@0.wcnf","UWrMaxSat.1.0",0,483.531544659584,270.495089020652
