"InstanceName","Solver","ActualRuntime","PredictedRuntime","Prediction_StandardError"
"cnf13p9.wcnf","MaxHS",282.84,1153.18642540414,487.306642283565
"cnf13p9.wcnf","maxino2018",203.13,948.167806533397,171.564259038201
"cnf13p9.wcnf","Open.WBO.g",43.05,1077.11137826572,788.743791708852
"cnf13p9.wcnf","Open.WBO.ms",87.74,1071.5799096613,281.882739715508
"cnf13p9.wcnf","Open.WBO.ms.pre",75.97,1036.56935220466,418.209776801649
"cnf13p9.wcnf","QMaxSAT2018",90.68,1348.32078163903,264.08006669623
"cnf13p9.wcnf","UWrMaxSat.1.0",46.66,955.722043208899,470.00390034126
