"InstanceName","Solver","ActualRuntime","PredictedRuntime","Prediction_StandardError"
"cnf18t9.wcnf","MaxHS",42.06,1282.47160605834,1526.56889902858
"cnf18t9.wcnf","maxino2018",11.61,598.2809123378,781.328485289937
"cnf18t9.wcnf","Open.WBO.g",17.4,630.069271683008,1086.73121728139
"cnf18t9.wcnf","Open.WBO.ms",68.26,478.305711202651,1279.95170045209
"cnf18t9.wcnf","Open.WBO.ms.pre",70.68,362.633458518317,681.515210831679
"cnf18t9.wcnf","QMaxSAT2018",8.99,898.143147281383,1244.34780184201
"cnf18t9.wcnf","UWrMaxSat.1.0",5.26,483.61973487344,1228.27673086773
