"InstanceName","Solver","ActualRuntime","PredictedRuntime","Prediction_StandardError"
"cnf12t9.wcnf","MaxHS",15.83,1201.55414781815,2505.39543098556
"cnf12t9.wcnf","maxino2018",9.03,1217.09080440422,2494.04217998689
"cnf12t9.wcnf","Open.WBO.g",10.56,2151.51100103019,4503.90157152208
"cnf12t9.wcnf","Open.WBO.ms",66.5,1403.86683759724,3095.97009310191
"cnf12t9.wcnf","Open.WBO.ms.pre",50.22,1305.04495352658,3881.63269866788
"cnf12t9.wcnf","QMaxSAT2018",11.7,2162.71424508165,2701.55181788676
"cnf12t9.wcnf","UWrMaxSat.1.0",3.42,1535.31042601141,4061.34046438027
