"InstanceName","Solver","ActualRuntime","PredictedRuntime","Prediction_StandardError"
"cnf14t7.wcnf","MaxHS",21.27,486.143631060558,189.629429631577
"cnf14t7.wcnf","maxino2018",10.74,467.972705911001,864.616189437666
"cnf14t7.wcnf","Open.WBO.g",10.41,428.812298295051,606.559199610758
"cnf14t7.wcnf","Open.WBO.ms",66.58,278.361203632718,422.212135866986
"cnf14t7.wcnf","Open.WBO.ms.pre",68.81,271.258969114433,1203.29229799031
"cnf14t7.wcnf","QMaxSAT2018",8.27,258.490932771753,713.381763849802
"cnf14t7.wcnf","UWrMaxSat.1.0",3.83,281.954845494255,568.447738443324
