"InstanceName","Solver","ActualRuntime","PredictedRuntime","Prediction_StandardError"
"cnf15p7.wcnf","MaxHS",406.31,593.333891451771,952.793443249672
"cnf15p7.wcnf","maxino2018",283.3,229.542091945766,376.506282246969
"cnf15p7.wcnf","Open.WBO.g",223.55,328.521228199274,308.675400117047
"cnf15p7.wcnf","Open.WBO.ms",208.88,310.768076896044,525.320791002611
"cnf15p7.wcnf","Open.WBO.ms.pre",109.59,167.968603565264,460.611808695991
"cnf15p7.wcnf","QMaxSAT2018",259.23,231.966905002484,534.919874198295
"cnf15p7.wcnf","UWrMaxSat.1.0",36.67,282.944292729962,165.257190564251
