"InstanceName","Solver","ActualRuntime","PredictedRuntime","Prediction_StandardError"
"cnf17p10.wcnf","MaxHS",902.7,1294.67643389717,1731.83808221193
"cnf17p10.wcnf","maxino2018",275.73,752.34231292644,0
"cnf17p10.wcnf","Open.WBO.g",361.49,1100.25888189108,2595.9826312522
"cnf17p10.wcnf","Open.WBO.ms",300.17,1021.85813965014,1872.75155887443
"cnf17p10.wcnf","Open.WBO.ms.pre",167.08,930.68049283996,959.787932086175
"cnf17p10.wcnf","QMaxSAT2018",531.21,882.865897281383,1304.75955396348
"cnf17p10.wcnf","UWrMaxSat.1.0",473.38,903.748342093392,1320.22085220207
