"InstanceName","Solver","ActualRuntime","PredictedRuntime","Prediction_StandardError"
"cnf16p6.wcnf","MaxHS",297.44,1459.9125965832,786.881392916936
"cnf16p6.wcnf","maxino2018",43.78,986.154542405481,525.406158399087
"cnf16p6.wcnf","Open.WBO.g",236.3,1053.65085836246,515.685492452416
"cnf16p6.wcnf","Open.WBO.ms",198.16,1053.70047427682,270.166311917567
"cnf16p6.wcnf","Open.WBO.ms.pre",118.61,945.867725989221,532.674947029642
"cnf16p6.wcnf","QMaxSAT2018",60.18,1294.19095845615,298.248104449142
"cnf16p6.wcnf","UWrMaxSat.1.0",45.23,959.632088549926,546.709248060547
