"InstanceName","Solver","ActualRuntime","PredictedRuntime","Prediction_StandardError"
"cnf18d7.wcnf","MaxHS",25.26,772.704525415173,1791.16180032252
"cnf18d7.wcnf","maxino2018",7.73,700.424708170018,1055.61416906539
"cnf18d7.wcnf","Open.WBO.g",10.33,643.12086770517,718.95279143433
"cnf18d7.wcnf","Open.WBO.ms",37.77,818.766805252743,1566.63834236381
"cnf18d7.wcnf","Open.WBO.ms.pre",40.63,787.013864408889,1050.64453923708
"cnf18d7.wcnf","QMaxSAT2018",7.6,920.460872040006,1682.58270294611
"cnf18d7.wcnf","UWrMaxSat.1.0",4.37,534.197494028192,940.971576964187
