"InstanceName","Solver","ActualRuntime","PredictedRuntime","Prediction_StandardError"
"cnf16p7.wcnf","MaxHS",272.11,1411.33494658031,449.495264796193
"cnf16p7.wcnf","maxino2018",36.21,983.38162857937,0
"cnf16p7.wcnf","Open.WBO.g",71.29,1158.81568951329,667.783157974381
"cnf16p7.wcnf","Open.WBO.ms",156.35,1067.92933581456,297.892603994629
"cnf16p7.wcnf","Open.WBO.ms.pre",91.81,1002.24770724763,345.497564870957
"cnf16p7.wcnf","QMaxSAT2018",27.88,1312.08772627535,184.624549037908
"cnf16p7.wcnf","UWrMaxSat.1.0",33.93,1018.97746802702,533.299535603491
