"InstanceName","Solver","ActualRuntime","PredictedRuntime","Prediction_StandardError"
"cnf18p4.wcnf","MaxHS",105.56,1242.90752764869,2021.7837267542
"cnf18p4.wcnf","maxino2018",18.38,588.442919290773,1984.67456887878
"cnf18p4.wcnf","Open.WBO.g",27.7,718.932667282816,3026.43959755658
"cnf18p4.wcnf","Open.WBO.ms",138.09,1009.1557223856,2251.5036363029
"cnf18p4.wcnf","Open.WBO.ms.pre",61.02,810.243990016709,2299.4456908353
"cnf18p4.wcnf","QMaxSAT2018",23.04,1208.747376399,3471.51848557003
"cnf18p4.wcnf","UWrMaxSat.1.0",68.3,843.586185459762,3361.10678164638
