"InstanceName","Solver","ActualRuntime","PredictedRuntime","Prediction_StandardError"
"cnf20p5.wcnf","MaxHS",682.06,1228.33600532574,1963.73895539435
"cnf20p5.wcnf","maxino2018",71.15,752.34231292644,0
"cnf20p5.wcnf","Open.WBO.g",62.1,1062.05116159033,2506.9713936798
"cnf20p5.wcnf","Open.WBO.ms",103.84,763.972443114679,1554.78911188037
"cnf20p5.wcnf","Open.WBO.ms.pre",63.96,745.519901928156,1274.55917767286
"cnf20p5.wcnf","QMaxSAT2018",77.3,875.252489589075,1329.75741438652
"cnf20p5.wcnf","UWrMaxSat.1.0",176.06,618.333057493875,690.411444619823
