"InstanceName","Solver","ActualRuntime","PredictedRuntime","Prediction_StandardError"
"cnf20p7.wcnf","MaxHS",559.11,1524.22549109231,856.66898677072
"cnf20p7.wcnf","maxino2018",93.9,458.649517879549,0
"cnf20p7.wcnf","Open.WBO.g",223.28,484.501037998025,948.926740056932
"cnf20p7.wcnf","Open.WBO.ms",122.82,475.037711438704,623.735359887001
"cnf20p7.wcnf","Open.WBO.ms.pre",121.6,534.968880802749,843.475218587546
"cnf20p7.wcnf","QMaxSAT2018",239.4,317.406400814108,543.822473488078
"cnf20p7.wcnf","UWrMaxSat.1.0",372.65,587.245776281778,621.547777675246
