"InstanceName","Solver","ActualRuntime","PredictedRuntime","Prediction_StandardError"
"cnf20d10.wcnf","MaxHS",18.62,951.956819854928,687.161941333707
"cnf20d10.wcnf","maxino2018",9.29,386.327343024188,0
"cnf20d10.wcnf","Open.WBO.g",13.17,505.660150002343,439.870375245797
"cnf20d10.wcnf","Open.WBO.ms",41.88,461.63016408691,312.463514120717
"cnf20d10.wcnf","Open.WBO.ms.pre",59.73,403.107809140544,354.987651971046
"cnf20d10.wcnf","QMaxSAT2018",10.59,397.179011033441,501.845217220018
"cnf20d10.wcnf","UWrMaxSat.1.0",5.07,407.071767178525,0
