"InstanceName","Solver","ActualRuntime","PredictedRuntime","Prediction_StandardError"
"cnf8p7.wcnf","MaxHS",93.48,1095.22707680643,336.4844143846
"cnf8p7.wcnf","maxino2018",12.01,1249.10185430499,291.553697256974
"cnf8p7.wcnf","Open.WBO.g",9.32,1420.66039668485,418.156750167125
"cnf8p7.wcnf","Open.WBO.ms",56.47,1309.99596742295,403.884860020692
"cnf8p7.wcnf","Open.WBO.ms.pre",49.89,1148.06514358429,430.31436702154
"cnf8p7.wcnf","QMaxSAT2018",7.7,1867.5517757211,583.902719949482
"cnf8p7.wcnf","UWrMaxSat.1.0",1.64,1113.48449932554,306.758803630233
