"InstanceName","Solver","ActualRuntime","PredictedRuntime","Prediction_StandardError"
"cnf9p8.wcnf","MaxHS",98.03,960.844389524855,881.524207762162
"cnf9p8.wcnf","maxino2018",10.22,1095.25346051628,1009.54666800615
"cnf9p8.wcnf","Open.WBO.g",14.61,1518.63424070166,1625.4737191481
"cnf9p8.wcnf","Open.WBO.ms",60.45,1187.81274680981,997.651196380679
"cnf9p8.wcnf","Open.WBO.ms.pre",35.74,1112.70741992153,1275.01738230002
"cnf9p8.wcnf","QMaxSAT2018",24.39,1797.06374833818,1545.27997891622
"cnf9p8.wcnf","UWrMaxSat.1.0",5.76,795.345747074969,460.028956377816
