"InstanceName","Solver","ActualRuntime","PredictedRuntime","Prediction_StandardError"
"cnf9p10.wcnf","MaxHS",146.93,1076.06362806777,2590.38087035975
"cnf9p10.wcnf","maxino2018",32.14,1203.23301418999,1979.7341825625
"cnf9p10.wcnf","Open.WBO.g",12.79,1416.5512031817,4254.74470809495
"cnf9p10.wcnf","Open.WBO.ms",84.2,1185.93681837193,2742.65710049764
"cnf9p10.wcnf","Open.WBO.ms.pre",36.82,992.395957735333,2695.18593971695
"cnf9p10.wcnf","QMaxSAT2018",18.73,1808.49539166748,2677.52363023755
"cnf9p10.wcnf","UWrMaxSat.1.0",4.6,1015.25522783753,1728.12562015202
