"InstanceName","Solver","ActualRuntime","PredictedRuntime","Prediction_StandardError"
"cnf_12.wcnf","MaxHS",3600,1116.14761195403,1008.02335863555
"cnf_12.wcnf","maxino2018",3600,1421.87855661024,767.192324290344
"cnf_12.wcnf","Open.WBO.g",3600,932.785744279073,961.062141049438
"cnf_12.wcnf","Open.WBO.ms",3600,1195.28567254638,0
"cnf_12.wcnf","Open.WBO.ms.pre",3600,1111.79235288176,541.103666476896
"cnf_12.wcnf","QMaxSAT2018",3600,2663.48213628621,940.011875818849
"cnf_12.wcnf","UWrMaxSat.1.0",3600,1096.70955974353,911.719233909139
