"InstanceName","Solver","ActualRuntime","PredictedRuntime","Prediction_StandardError"
"cnf_10_center.wcnf","MaxHS",3600,1407.74216976093,1854.68730904964
"cnf_10_center.wcnf","maxino2018",188.41,497.897700293493,704.171026697157
"cnf_10_center.wcnf","Open.WBO.g",3600,689.61193609072,1721.20629937341
"cnf_10_center.wcnf","Open.WBO.ms",1849.86,509.860409037268,1063.41670848073
"cnf_10_center.wcnf","Open.WBO.ms.pre",655.22,529.101363996483,1263.46044204828
"cnf_10_center.wcnf","QMaxSAT2018",1613.78,1125.45575113416,1603.58457455918
"cnf_10_center.wcnf","UWrMaxSat.1.0",49.66,381.292536791777,1186.93220036485
