"InstanceName","Solver","ActualRuntime","PredictedRuntime","Prediction_StandardError"
"cnf_10.wcnf","MaxHS",3600,851.545658054501,520.246576286551
"cnf_10.wcnf","maxino2018",3600,819.524596748848,514.574827082079
"cnf_10.wcnf","Open.WBO.g",3600,790.643495790537,1049.78837097941
"cnf_10.wcnf","Open.WBO.ms",3600,1080.89385958704,0
"cnf_10.wcnf","Open.WBO.ms.pre",3600,961.645451887157,305.024364058721
"cnf_10.wcnf","QMaxSAT2018",3600,2003.39723489525,939.140006193316
"cnf_10.wcnf","UWrMaxSat.1.0",3600,741.521959014155,291.200477153742
