"InstanceName","Solver","ActualRuntime","PredictedRuntime","Prediction_StandardError"
"cnf_12_center.wcnf","MaxHS",1535.43,1783.28132516204,693.892863893818
"cnf_12_center.wcnf","maxino2018",43.1,945.362025994807,390.238042305238
"cnf_12_center.wcnf","Open.WBO.g",235.64,974.116278223049,490.89746984896
"cnf_12_center.wcnf","Open.WBO.ms",322.75,830.598726678068,324.784043113819
"cnf_12_center.wcnf","Open.WBO.ms.pre",109.6,694.120355308595,434.041470233568
"cnf_12_center.wcnf","QMaxSAT2018",208.42,1591.09720243858,493.391346793105
"cnf_12_center.wcnf","UWrMaxSat.1.0",22.09,711.477918478738,162.124416624039
