"InstanceName","Solver","ActualRuntime","PredictedRuntime","Prediction_StandardError"
"diabetes.wcnf","MaxHS",3600,2024.62294542969,615.457537830489
"diabetes.wcnf","maxino2018",3600,1572.20908433282,843.517261810587
"diabetes.wcnf","Open.WBO.g",3600,1652.49254877879,1910.12841808451
"diabetes.wcnf","Open.WBO.ms",3600,1604.61654403102,676.094585457275
"diabetes.wcnf","Open.WBO.ms.pre",3600,1403.40646581849,987.236115333386
"diabetes.wcnf","QMaxSAT2018",3600,1906.59276953231,1143.99922596863
"diabetes.wcnf","UWrMaxSat.1.0",3600,1614.31102813765,1280.84558146873
