"InstanceName","Solver","ActualRuntime","PredictedRuntime","Prediction_StandardError"
"dp43.wcnf","MaxHS",36.51,1993.10103025205,463.362660739121
"dp43.wcnf","maxino2018",10.77,1459.21849891638,585.715890486604
"dp43.wcnf","Open.WBO.g",3.36,1576.78060801215,493.306197372576
"dp43.wcnf","Open.WBO.ms",30.55,1415.65883609289,424.506551026507
"dp43.wcnf","Open.WBO.ms.pre",38.4,1283.88043250623,393.579735946579
"dp43.wcnf","QMaxSAT2018",13.96,1863.71677743802,489.219344854749
"dp43.wcnf","UWrMaxSat.1.0",11.95,1458.94453001691,526.864068308361
