"InstanceName","Solver","ActualRuntime","PredictedRuntime","Prediction_StandardError"
"frb35-17-3partial.wcnf","MaxHS",32.25,680.364316849817,1214.97223621332
"frb35-17-3partial.wcnf","maxino2018",3600,3600,0
"frb35-17-3partial.wcnf","Open.WBO.g",3.63,100.179575091575,94.1835530864257
"frb35-17-3partial.wcnf","Open.WBO.ms",13.98,47.0878618048618,79.0655240811842
"frb35-17-3partial.wcnf","Open.WBO.ms.pre",3600,3575.08691953208,141.093353674431
"frb35-17-3partial.wcnf","QMaxSAT2018",11.19,368.033382783883,682.526166171648
"frb35-17-3partial.wcnf","UWrMaxSat.1.0",1.8,18.340847985348,24.6112319756175
