"InstanceName","Solver","ActualRuntime","PredictedRuntime","Prediction_StandardError"
"frb40-19-1partial.wcnf","MaxHS",14.16,84.3797696429948,160.494875261094
"frb40-19-1partial.wcnf","maxino2018",3600,3368.11250335013,423.492397982293
"frb40-19-1partial.wcnf","Open.WBO.g",47.03,55.0687977099237,0
"frb40-19-1partial.wcnf","Open.WBO.ms",14.38,52.6292798982188,30.2811148643194
"frb40-19-1partial.wcnf","Open.WBO.ms.pre",3600,3577.14893594424,147.519899853853
"frb40-19-1partial.wcnf","QMaxSAT2018",34.94,289.108852376262,0
"frb40-19-1partial.wcnf","UWrMaxSat.1.0",6.44,52.2052493638677,74.3221500634706
