"InstanceName","Solver","ActualRuntime","PredictedRuntime","Prediction_StandardError"
"ft10-808-1090.wcnf","MaxHS",131.05,504.379657407407,2025.83688810193
"ft10-808-1090.wcnf","maxino2018",54.77,855.407249512671,5259.64288361175
"ft10-808-1090.wcnf","Open.WBO.g",43.82,1014.98637037037,4989.16795956265
"ft10-808-1090.wcnf","Open.WBO.ms",299.62,756.466512108262,3957.30469250015
"ft10-808-1090.wcnf","Open.WBO.ms.pre",153.33,504.270311941252,3859.01792698185
"ft10-808-1090.wcnf","QMaxSAT2018",20.1,1478.49744753086,3664.2376366695
"ft10-808-1090.wcnf","UWrMaxSat.1.0",47.08,409.653372685185,3359.90165959815
