"InstanceName","Solver","ActualRuntime","PredictedRuntime","Prediction_StandardError"
"g2_n37e45_n71e77.wcnf","MaxHS",50.95,1709.46446918005,1238.78616333453
"g2_n37e45_n71e77.wcnf","maxino2018",1.3,2067.30372959808,801.818113033334
"g2_n37e45_n71e77.wcnf","Open.WBO.g",0.71,1518.39333390134,1047.45218692083
"g2_n37e45_n71e77.wcnf","Open.WBO.ms",5.06,953.475462312722,1138.66448753732
"g2_n37e45_n71e77.wcnf","Open.WBO.ms.pre",4.9,1061.5891464281,1105.03065545984
"g2_n37e45_n71e77.wcnf","QMaxSAT2018",8.31,2278.2169766245,877.692315054564
"g2_n37e45_n71e77.wcnf","UWrMaxSat.1.0",0.53,1374.31335644286,588.859396374734
