"InstanceName","Solver","ActualRuntime","PredictedRuntime","Prediction_StandardError"
"g2_n45e48_n47e54.wcnf","MaxHS",774.47,2076.10384664348,685.012012766249
"g2_n45e48_n47e54.wcnf","maxino2018",173.88,1827.87429565407,0
"g2_n45e48_n47e54.wcnf","Open.WBO.g",100.98,2276.28982327771,1131.74069431838
"g2_n45e48_n47e54.wcnf","Open.WBO.ms",33.19,1654.865134653,480.338702851495
"g2_n45e48_n47e54.wcnf","Open.WBO.ms.pre",46.54,1589.61511756932,1020.00494779157
"g2_n45e48_n47e54.wcnf","QMaxSAT2018",227.25,2092.46160532245,1050.20056894486
"g2_n45e48_n47e54.wcnf","UWrMaxSat.1.0",64.6,1510.48790903048,1053.89472481736
