"InstanceName","Solver","ActualRuntime","PredictedRuntime","Prediction_StandardError"
"g2_n92e110_n96e105.wcnf","MaxHS",74.12,1293.03905022654,1771.10590304297
"g2_n92e110_n96e105.wcnf","maxino2018",1.25,1176.91051615728,1090.83782889557
"g2_n92e110_n96e105.wcnf","Open.WBO.g",1.26,1112.82292884651,3655.0697345414
"g2_n92e110_n96e105.wcnf","Open.WBO.ms",4.59,992.387929681466,1279.76198095373
"g2_n92e110_n96e105.wcnf","Open.WBO.ms.pre",5.41,721.943545097351,1390.16397178687
"g2_n92e110_n96e105.wcnf","QMaxSAT2018",40.61,1699.42539975856,3405.44183832081
"g2_n92e110_n96e105.wcnf","UWrMaxSat.1.0",1.01,865.604521327216,1854.89214529612
