"InstanceName","Solver","ActualRuntime","PredictedRuntime","Prediction_StandardError"
"g2_n38e52_n53e67.wcnf","MaxHS",3600,1321.80098112889,572.779405042804
"g2_n38e52_n53e67.wcnf","maxino2018",54.13,1405.5515618882,1104.59332360768
"g2_n38e52_n53e67.wcnf","Open.WBO.g",19.09,1384.88498018474,816.974906477474
"g2_n38e52_n53e67.wcnf","Open.WBO.ms",24.02,1224.34652546962,378.510405436928
"g2_n38e52_n53e67.wcnf","Open.WBO.ms.pre",13.28,1085.77285260599,638.922421192355
"g2_n38e52_n53e67.wcnf","QMaxSAT2018",54.19,1696.05357577133,824.882664974494
"g2_n38e52_n53e67.wcnf","UWrMaxSat.1.0",11.07,1199.12797470238,644.018991891111
