"InstanceName","Solver","ActualRuntime","PredictedRuntime","Prediction_StandardError"
"g2_n44e59_n69e83.wcnf","MaxHS",3600,2013.7345120152,779.571156580776
"g2_n44e59_n69e83.wcnf","maxino2018",2868.66,1087.8101490091,946.031820112393
"g2_n44e59_n69e83.wcnf","Open.WBO.g",1470.06,1100.19042884032,0
"g2_n44e59_n69e83.wcnf","Open.WBO.ms",186.99,810.312933697742,840.378157414917
"g2_n44e59_n69e83.wcnf","Open.WBO.ms.pre",174.56,661.81813663218,736.812147313516
"g2_n44e59_n69e83.wcnf","QMaxSAT2018",657.22,708.506819066771,646.115339586633
"g2_n44e59_n69e83.wcnf","UWrMaxSat.1.0",430.25,799.447018473152,917.974037526207
