"InstanceName","Solver","ActualRuntime","PredictedRuntime","Prediction_StandardError"
"g2_n61e85_n120e154.wcnf","MaxHS",594.29,1150.54816979336,282.69174365863
"g2_n61e85_n120e154.wcnf","maxino2018",71.38,980.843936490832,363.497456611605
"g2_n61e85_n120e154.wcnf","Open.WBO.g",143.5,1117.58753207501,0
"g2_n61e85_n120e154.wcnf","Open.WBO.ms",54.71,920.537130050998,284.779709537644
"g2_n61e85_n120e154.wcnf","Open.WBO.ms.pre",28.11,842.361430298873,0
"g2_n61e85_n120e154.wcnf","QMaxSAT2018",3600,1276.3669110072,487.724860690706
"g2_n61e85_n120e154.wcnf","UWrMaxSat.1.0",41.99,1006.96985588592,119.492751314977
