"InstanceName","Solver","ActualRuntime","PredictedRuntime","Prediction_StandardError"
"g2_n38e39_n146e164.wcnf","MaxHS",3600,1951.95532938418,1297.24283528668
"g2_n38e39_n146e164.wcnf","maxino2018",3600,1141.31993872767,71.9073718461578
"g2_n38e39_n146e164.wcnf","Open.WBO.g",3600,1001.98167546272,0
"g2_n38e39_n146e164.wcnf","Open.WBO.ms",3600,1043.56150599703,865.72572317914
"g2_n38e39_n146e164.wcnf","Open.WBO.ms.pre",3600,767.594453876959,726.866469712635
"g2_n38e39_n146e164.wcnf","QMaxSAT2018",3600,1293.3807802007,596.918731732027
"g2_n38e39_n146e164.wcnf","UWrMaxSat.1.0",3600,1010.04295772154,0
