"InstanceName","Solver","ActualRuntime","PredictedRuntime","Prediction_StandardError"
"g2_n26e25_n48e52.wcnf","MaxHS",1157.7,1520.06903536173,3051.67409473904
"g2_n26e25_n48e52.wcnf","maxino2018",0.25,1444.00612936708,1533.00306241317
"g2_n26e25_n48e52.wcnf","Open.WBO.g",0.17,1117.81415438454,2289.11275745611
"g2_n26e25_n48e52.wcnf","Open.WBO.ms",1.5,1285.63444312325,2086.85282983943
"g2_n26e25_n48e52.wcnf","Open.WBO.ms.pre",3.1,1380.15546068042,1665.61283289073
"g2_n26e25_n48e52.wcnf","QMaxSAT2018",0.21,1917.52360093169,3196.00208869401
"g2_n26e25_n48e52.wcnf","UWrMaxSat.1.0",0.15,1131.18144223559,1915.92460442929
