"InstanceName","Solver","ActualRuntime","PredictedRuntime","Prediction_StandardError"
"g2_n50e50_n58e61.wcnf","MaxHS",1325.72,1293.03905022654,1771.10590304297
"g2_n50e50_n58e61.wcnf","maxino2018",17.82,1489.25182094124,2266.11823113372
"g2_n50e50_n58e61.wcnf","Open.WBO.g",11.74,1101.86924164738,2019.72743236164
"g2_n50e50_n58e61.wcnf","Open.WBO.ms",13.48,986.506153647315,1339.43568303002
"g2_n50e50_n58e61.wcnf","Open.WBO.ms.pre",10.24,855.609095418074,2650.37070006086
"g2_n50e50_n58e61.wcnf","QMaxSAT2018",432.77,1807.54544495845,2650.86405279836
"g2_n50e50_n58e61.wcnf","UWrMaxSat.1.0",9.91,867.195806846342,1333.50911390577
