"InstanceName","Solver","ActualRuntime","PredictedRuntime","Prediction_StandardError"
"g2_n42e55_n44e53.wcnf","MaxHS",3600,914.082697163949,0
"g2_n42e55_n44e53.wcnf","maxino2018",3600,1077.22149067666,382.176693243402
"g2_n42e55_n44e53.wcnf","Open.WBO.g",3600,1068.61134158511,390.003773102163
"g2_n42e55_n44e53.wcnf","Open.WBO.ms",3600,1108.57311768039,770.920430877991
"g2_n42e55_n44e53.wcnf","Open.WBO.ms.pre",3600,956.851893710033,625.442020518075
"g2_n42e55_n44e53.wcnf","QMaxSAT2018",3600,1425.68989504948,961.03196385381
"g2_n42e55_n44e53.wcnf","UWrMaxSat.1.0",3600,988.468350651719,0
