"InstanceName","Solver","ActualRuntime","PredictedRuntime","Prediction_StandardError"
"g2_n67e83_n68e73.wcnf","MaxHS",3600,2828.09677266805,1268.92421379426
"g2_n67e83_n68e73.wcnf","maxino2018",1103.92,1271.7262310325,986.910013598592
"g2_n67e83_n68e73.wcnf","Open.WBO.g",1258.79,835.391822494344,1818.72479830767
"g2_n67e83_n68e73.wcnf","Open.WBO.ms",262.02,924.463735591778,1210.74474989483
"g2_n67e83_n68e73.wcnf","Open.WBO.ms.pre",153.69,618.019171546581,1050.5043373298
"g2_n67e83_n68e73.wcnf","QMaxSAT2018",3600,1105.24663716084,2284.98540286306
"g2_n67e83_n68e73.wcnf","UWrMaxSat.1.0",582.53,654.5424253322,1250.24835427107
