"InstanceName","Solver","ActualRuntime","PredictedRuntime","Prediction_StandardError"
"g3_n30e43_n32e44_n40e53.wcnf","MaxHS",3600,1551.38018111812,501.906472782787
"g3_n30e43_n32e44_n40e53.wcnf","maxino2018",417.81,1602.14605836515,858.11285450736
"g3_n30e43_n32e44_n40e53.wcnf","Open.WBO.g",1159.54,1292.42541376563,783.231461671834
"g3_n30e43_n32e44_n40e53.wcnf","Open.WBO.ms",70.19,1092.91640387382,738.283008309152
"g3_n30e43_n32e44_n40e53.wcnf","Open.WBO.ms.pre",62.3,827.245078395268,271.618090206048
"g3_n30e43_n32e44_n40e53.wcnf","QMaxSAT2018",151.26,1281.91093215587,153.90904826884
"g3_n30e43_n32e44_n40e53.wcnf","UWrMaxSat.1.0",233.54,920.615113414619,0
