"InstanceName","Solver","ActualRuntime","PredictedRuntime","Prediction_StandardError"
"g3_n39e42_n61e85_n72e77.wcnf","MaxHS",440.65,1463.23792204397,549.105468981413
"g3_n39e42_n61e85_n72e77.wcnf","maxino2018",2031.82,1161.44337662808,610.201479421223
"g3_n39e42_n61e85_n72e77.wcnf","Open.WBO.g",1052.12,852.196985185703,392.27038864512
"g3_n39e42_n61e85_n72e77.wcnf","Open.WBO.ms",121.69,575.57020202542,0
"g3_n39e42_n61e85_n72e77.wcnf","Open.WBO.ms.pre",129.66,450.647405362697,587.000467584522
"g3_n39e42_n61e85_n72e77.wcnf","QMaxSAT2018",3329.46,829.884076707104,613.533389650368
"g3_n39e42_n61e85_n72e77.wcnf","UWrMaxSat.1.0",2362.01,1084.44995984043,583.392424021591
