"InstanceName","Solver","ActualRuntime","PredictedRuntime","Prediction_StandardError"
"g3_n52e77_n57e74_n58e75.wcnf","MaxHS",3600,1217.51943700425,24.0122707064281
"g3_n52e77_n57e74_n58e75.wcnf","maxino2018",10.53,1079.35935204718,483.096507027523
"g3_n52e77_n57e74_n58e75.wcnf","Open.WBO.g",81.33,1059.76364579286,269.620337101178
"g3_n52e77_n57e74_n58e75.wcnf","Open.WBO.ms",123.33,909.391507666979,271.129585690457
"g3_n52e77_n57e74_n58e75.wcnf","Open.WBO.ms.pre",23.91,784.728586968285,259.560262701739
"g3_n52e77_n57e74_n58e75.wcnf","QMaxSAT2018",308.63,1508.20316111941,571.027581802791
"g3_n52e77_n57e74_n58e75.wcnf","UWrMaxSat.1.0",29.5,994.039158572082,360.901156832023
