"InstanceName","Solver","ActualRuntime","PredictedRuntime","Prediction_StandardError"
"g3_n66e77_n74e84_n94e112.wcnf","MaxHS",3600,1185.78762630166,0
"g3_n66e77_n74e84_n94e112.wcnf","maxino2018",26.91,1095.87144936311,184.663865304181
"g3_n66e77_n74e84_n94e112.wcnf","Open.WBO.g",48.15,1193.09010221387,176.429515138756
"g3_n66e77_n74e84_n94e112.wcnf","Open.WBO.ms",61.69,1138.59180611157,0
"g3_n66e77_n74e84_n94e112.wcnf","Open.WBO.ms.pre",26.42,863.100109813195,254.052154101237
"g3_n66e77_n74e84_n94e112.wcnf","QMaxSAT2018",182.47,1703.13612832127,331.635535798812
"g3_n66e77_n74e84_n94e112.wcnf","UWrMaxSat.1.0",13.05,985.818434361913,159.7273151223
