"InstanceName","Solver","ActualRuntime","PredictedRuntime","Prediction_StandardError"
"g3_n34e43_n59e60_n71e84.wcnf","MaxHS",393.28,1615.48754360863,2118.66751595347
"g3_n34e43_n59e60_n71e84.wcnf","maxino2018",148.19,1412.79885719715,1995.77758949132
"g3_n34e43_n59e60_n71e84.wcnf","Open.WBO.g",468.97,1057.88043882569,690.959068150668
"g3_n34e43_n59e60_n71e84.wcnf","Open.WBO.ms",38.24,570.222310825665,1078.84194160061
"g3_n34e43_n59e60_n71e84.wcnf","Open.WBO.ms.pre",35.1,628.28426460856,1274.88761693051
"g3_n34e43_n59e60_n71e84.wcnf","QMaxSAT2018",197.13,1028.58170918561,1523.57634937023
"g3_n34e43_n59e60_n71e84.wcnf","UWrMaxSat.1.0",98.12,668.45918474955,866.04357294924
