"InstanceName","Solver","ActualRuntime","PredictedRuntime","Prediction_StandardError"
"g3_n26e25_n27e26_n42e48.wcnf","MaxHS",3600,1967.87909477651,1075.5648737612
"g3_n26e25_n27e26_n42e48.wcnf","maxino2018",2459.77,1681.25325229969,589.557361030029
"g3_n26e25_n27e26_n42e48.wcnf","Open.WBO.g",3600,2693.93577156186,615.908028510834
"g3_n26e25_n27e26_n42e48.wcnf","Open.WBO.ms",1265.5,1747.62538284505,1225.02841617937
"g3_n26e25_n27e26_n42e48.wcnf","Open.WBO.ms.pre",821.54,1700.92458935078,1405.85270450219
"g3_n26e25_n27e26_n42e48.wcnf","QMaxSAT2018",1671.01,1785.17784804055,0
"g3_n26e25_n27e26_n42e48.wcnf","UWrMaxSat.1.0",2170.78,1389.84885795074,0
