"InstanceName","Solver","ActualRuntime","PredictedRuntime","Prediction_StandardError"
"g3_n35e48_n41e57_n56e65.wcnf","MaxHS",3600,1821.2292174652,742.798727799378
"g3_n35e48_n41e57_n56e65.wcnf","maxino2018",394.64,1332.66831435872,1492.80427157217
"g3_n35e48_n41e57_n56e65.wcnf","Open.WBO.g",130.31,1019.23118058821,659.02704286841
"g3_n35e48_n41e57_n56e65.wcnf","Open.WBO.ms",72.25,576.891851505653,262.702798014657
"g3_n35e48_n41e57_n56e65.wcnf","Open.WBO.ms.pre",97.97,749.038318508554,787.047926840913
"g3_n35e48_n41e57_n56e65.wcnf","QMaxSAT2018",215.36,1641.87693497374,1826.77228958385
"g3_n35e48_n41e57_n56e65.wcnf","UWrMaxSat.1.0",311.21,728.447572065936,0
