"InstanceName","Solver","ActualRuntime","PredictedRuntime","Prediction_StandardError"
"g3_n30e43_n40e53_n44e48.wcnf","MaxHS",3600,2253.03541622546,856.767470378101
"g3_n30e43_n40e53_n44e48.wcnf","maxino2018",498.49,2044.40765040778,886.800786396313
"g3_n30e43_n40e53_n44e48.wcnf","Open.WBO.g",3600,2450.27328849189,0
"g3_n30e43_n40e53_n44e48.wcnf","Open.WBO.ms",148.86,1740.82718036118,1033.95413273115
"g3_n30e43_n40e53_n44e48.wcnf","Open.WBO.ms.pre",118.83,1490.97870823409,658.130482023488
"g3_n30e43_n40e53_n44e48.wcnf","QMaxSAT2018",190.65,1870.23059051599,0
"g3_n30e43_n40e53_n44e48.wcnf","UWrMaxSat.1.0",264.46,1719.1437128729,381.005225595909
