"InstanceName","Solver","ActualRuntime","PredictedRuntime","Prediction_StandardError"
"g3_n66e77_n66e72_n94e112.wcnf","MaxHS",3600,1524.24550110742,473.534296468866
"g3_n66e77_n66e72_n94e112.wcnf","maxino2018",109.65,873.727779005196,359.122086310572
"g3_n66e77_n66e72_n94e112.wcnf","Open.WBO.g",502.25,1313.51196230661,711.726216802009
"g3_n66e77_n66e72_n94e112.wcnf","Open.WBO.ms",181.65,1172.66819364863,394.103231121487
"g3_n66e77_n66e72_n94e112.wcnf","Open.WBO.ms.pre",233.49,750.063531152959,443.783002105573
"g3_n66e77_n66e72_n94e112.wcnf","QMaxSAT2018",2412.34,2025.49821520226,597.074328139468
"g3_n66e77_n66e72_n94e112.wcnf","UWrMaxSat.1.0",50.52,792.970088203626,0
