"InstanceName","Solver","ActualRuntime","PredictedRuntime","Prediction_StandardError"
"g3_n39e39_n81e90_n91e99.wcnf","MaxHS",5.53,541.447171574667,0
"g3_n39e39_n81e90_n91e99.wcnf","maxino2018",0.2,352.396728503782,465.375101262537
"g3_n39e39_n81e90_n91e99.wcnf","Open.WBO.g",0.71,324.844810624753,183.422867064239
"g3_n39e39_n81e90_n91e99.wcnf","Open.WBO.ms",4.95,244.109418457195,187.081267328344
"g3_n39e39_n81e90_n91e99.wcnf","Open.WBO.ms.pre",4.35,144.193070500488,0
"g3_n39e39_n81e90_n91e99.wcnf","QMaxSAT2018",0.85,585.800452876053,1017.27864579998
"g3_n39e39_n81e90_n91e99.wcnf","UWrMaxSat.1.0",0.2,382.43850959431,523.278983261016
