"InstanceName","Solver","ActualRuntime","PredictedRuntime","Prediction_StandardError"
"g3_n67e86_n89e98_n130e150.wcnf","MaxHS",572.31,1048.39378919075,1183.92316399817
"g3_n67e86_n89e98_n130e150.wcnf","maxino2018",8.57,728.865960973596,1157.91237320844
"g3_n67e86_n89e98_n130e150.wcnf","Open.WBO.g",280.34,1172.45964310727,526.417086843001
"g3_n67e86_n89e98_n130e150.wcnf","Open.WBO.ms",133.95,856.839713682115,1456.82345893987
"g3_n67e86_n89e98_n130e150.wcnf","Open.WBO.ms.pre",60.97,679.234332117609,355.397001606275
"g3_n67e86_n89e98_n130e150.wcnf","QMaxSAT2018",3600,1497.59254721256,2145.0139316804
"g3_n67e86_n89e98_n130e150.wcnf","UWrMaxSat.1.0",2.54,651.968691747814,344.302899068961
