"InstanceName","Solver","ActualRuntime","PredictedRuntime","Prediction_StandardError"
"g3_n37e36_n37e35_n39e39.wcnf","MaxHS",1410.61,1451.35383683843,348.86284974774
"g3_n37e36_n37e35_n39e39.wcnf","maxino2018",768.83,995.794147035406,0
"g3_n37e36_n37e35_n39e39.wcnf","Open.WBO.g",1757.8,930.765948057835,594.916460786527
"g3_n37e36_n37e35_n39e39.wcnf","Open.WBO.ms",128.54,808.555058153111,757.361538338853
"g3_n37e36_n37e35_n39e39.wcnf","Open.WBO.ms.pre",89.27,543.080501773612,227.152031205405
"g3_n37e36_n37e35_n39e39.wcnf","QMaxSAT2018",665.25,1328.57970919712,403.523733963385
"g3_n37e36_n37e35_n39e39.wcnf","UWrMaxSat.1.0",175.85,1074.39373019489,0
