"InstanceName","Solver","ActualRuntime","PredictedRuntime","Prediction_StandardError"
"g4_n69e80_n69e80_n69e80_n79e87.wcnf","MaxHS",9.87,1138.55367075853,979.818830783502
"g4_n69e80_n69e80_n69e80_n79e87.wcnf","maxino2018",0.6,864.417143127232,0
"g4_n69e80_n69e80_n69e80_n79e87.wcnf","Open.WBO.g",0.63,1457.51572384712,1122.58806372612
"g4_n69e80_n69e80_n69e80_n79e87.wcnf","Open.WBO.ms",4.36,1412.12418513845,607.942540408539
"g4_n69e80_n69e80_n69e80_n79e87.wcnf","Open.WBO.ms.pre",5.42,694.905762145653,734.033404711207
"g4_n69e80_n69e80_n69e80_n79e87.wcnf","QMaxSAT2018",0.99,2096.30986727693,1003.25140757796
"g4_n69e80_n69e80_n69e80_n79e87.wcnf","UWrMaxSat.1.0",0.48,1210.28651444956,890.961021174577
