"InstanceName","Solver","ActualRuntime","PredictedRuntime","Prediction_StandardError"
"g4_n47e57_n58e61_n133e169_n141e184.wcnf","MaxHS",155.18,1078.09335061288,105.257824211934
"g4_n47e57_n58e61_n133e169_n141e184.wcnf","maxino2018",1.16,1060.56128700818,0
"g4_n47e57_n58e61_n133e169_n141e184.wcnf","Open.WBO.g",2.28,1286.65689930659,611.269118406237
"g4_n47e57_n58e61_n133e169_n141e184.wcnf","Open.WBO.ms",6.13,1170.61889250493,0
"g4_n47e57_n58e61_n133e169_n141e184.wcnf","Open.WBO.ms.pre",8.34,941.503969751429,391.879950693075
"g4_n47e57_n58e61_n133e169_n141e184.wcnf","QMaxSAT2018",34.75,1884.91847974972,0
"g4_n47e57_n58e61_n133e169_n141e184.wcnf","UWrMaxSat.1.0",0.79,1055.14480379222,469.700450177453
