"InstanceName","Solver","ActualRuntime","PredictedRuntime","Prediction_StandardError"
"g4_n58e71_n61e85_n100e127_n104e131.wcnf","MaxHS",433.32,984.696375152148,1063.39027671482
"g4_n58e71_n61e85_n100e127_n104e131.wcnf","maxino2018",18.29,1061.94355470918,1190.15145293547
"g4_n58e71_n61e85_n100e127_n104e131.wcnf","Open.WBO.g",133.36,1681.22197692022,1202.409689727
"g4_n58e71_n61e85_n100e127_n104e131.wcnf","Open.WBO.ms",21.82,1189.02527091551,1816.90663246143
"g4_n58e71_n61e85_n100e127_n104e131.wcnf","Open.WBO.ms.pre",24,1151.20096507337,2362.40214578115
"g4_n58e71_n61e85_n100e127_n104e131.wcnf","QMaxSAT2018",30.6,1977.76432915848,2060.12942695142
"g4_n58e71_n61e85_n100e127_n104e131.wcnf","UWrMaxSat.1.0",12.45,988.574043288462,2049.24020536761
