"InstanceName","Solver","ActualRuntime","PredictedRuntime","Prediction_StandardError"
"g5_n39e38_n43e43_n61e61_n67e68_n82e119.wcnf","MaxHS",759.66,1179.39206747166,284.20258962945
"g5_n39e38_n43e43_n61e61_n67e68_n82e119.wcnf","maxino2018",93.56,930.50061181266,631.900810524059
"g5_n39e38_n43e43_n61e61_n67e68_n82e119.wcnf","Open.WBO.g",1133.67,1123.28536157425,563.46368771985
"g5_n39e38_n43e43_n61e61_n67e68_n82e119.wcnf","Open.WBO.ms",437.59,1000.89679852704,0
"g5_n39e38_n43e43_n61e61_n67e68_n82e119.wcnf","Open.WBO.ms.pre",24.03,807.936685468809,313.606994239715
"g5_n39e38_n43e43_n61e61_n67e68_n82e119.wcnf","QMaxSAT2018",149.76,1851.7594167678,0
"g5_n39e38_n43e43_n61e61_n67e68_n82e119.wcnf","UWrMaxSat.1.0",38.65,876.712866549824,516.920848642564
