"InstanceName","Solver","ActualRuntime","PredictedRuntime","Prediction_StandardError"
"g6_n25e24_n28e29_n32e33_n37e37_n38e39_n40e39.wcnf","MaxHS",281.95,1379.90778105177,630.113196182766
"g6_n25e24_n28e29_n32e33_n37e37_n38e39_n40e39.wcnf","maxino2018",47.69,831.360299025216,0
"g6_n25e24_n28e29_n32e33_n37e37_n38e39_n40e39.wcnf","Open.WBO.g",20.95,1222.10665334878,448.723453744635
"g6_n25e24_n28e29_n32e33_n37e37_n38e39_n40e39.wcnf","Open.WBO.ms",31.53,1044.3168992423,419.34877542428
"g6_n25e24_n28e29_n32e33_n37e37_n38e39_n40e39.wcnf","Open.WBO.ms.pre",43.48,720.823323901877,473.079250676645
"g6_n25e24_n28e29_n32e33_n37e37_n38e39_n40e39.wcnf","QMaxSAT2018",54.39,2005.02285599288,559.46164759567
"g6_n25e24_n28e29_n32e33_n37e37_n38e39_n40e39.wcnf","UWrMaxSat.1.0",35.72,771.018946399173,0
