"InstanceName","Solver","ActualRuntime","PredictedRuntime","Prediction_StandardError"
"g7_n13e12_n13e12_n13e12_n13e12_n14e13_n15e14_n24e31.wcnf","MaxHS",386.35,1406.30274494309,355.866854581813
"g7_n13e12_n13e12_n13e12_n13e12_n14e13_n15e14_n24e31.wcnf","maxino2018",48.13,1632.641219307,394.034288680114
"g7_n13e12_n13e12_n13e12_n13e12_n14e13_n15e14_n24e31.wcnf","Open.WBO.g",57.41,1596.48857148477,545.678180193249
"g7_n13e12_n13e12_n13e12_n13e12_n14e13_n15e14_n24e31.wcnf","Open.WBO.ms",39.62,1631.67402900545,681.39218411995
"g7_n13e12_n13e12_n13e12_n13e12_n14e13_n15e14_n24e31.wcnf","Open.WBO.ms.pre",67.83,1740.19302454604,472.277934907752
"g7_n13e12_n13e12_n13e12_n13e12_n14e13_n15e14_n24e31.wcnf","QMaxSAT2018",3600,1840.30734815426,136.363527322082
"g7_n13e12_n13e12_n13e12_n13e12_n14e13_n15e14_n24e31.wcnf","UWrMaxSat.1.0",57.08,1360.15806279507,222.906104966486
