"InstanceName","Solver","ActualRuntime","PredictedRuntime","Prediction_StandardError"
"g8_n44e59_n44e58_n47e63_n58e76_n67e94_n75e107_n123e161_n133e175.wcnf","MaxHS",463.19,2859.33661651433,954.76759984689
"g8_n44e59_n44e58_n47e63_n58e76_n67e94_n75e107_n123e161_n133e175.wcnf","maxino2018",10.68,2742.41276305468,1098.57562644146
"g8_n44e59_n44e58_n47e63_n58e76_n67e94_n75e107_n123e161_n133e175.wcnf","Open.WBO.g",15.58,2579.67250644021,1975.15000338848
"g8_n44e59_n44e58_n47e63_n58e76_n67e94_n75e107_n123e161_n133e175.wcnf","Open.WBO.ms",18.42,2676.60174808007,1101.25311781696
"g8_n44e59_n44e58_n47e63_n58e76_n67e94_n75e107_n123e161_n133e175.wcnf","Open.WBO.ms.pre",29.22,2769.14757236889,2026.686159678
"g8_n44e59_n44e58_n47e63_n58e76_n67e94_n75e107_n123e161_n133e175.wcnf","QMaxSAT2018",95.85,2979.53983839794,1161.10993800675
"g8_n44e59_n44e58_n47e63_n58e76_n67e94_n75e107_n123e161_n133e175.wcnf","UWrMaxSat.1.0",10.03,2835.53094126726,823.141603140858
