"InstanceName","Solver","ActualRuntime","PredictedRuntime","Prediction_StandardError"
"gen_mult_4_4_9999.wcnf","MaxHS",2.94,1354.94456690754,221.580375960156
"gen_mult_4_4_9999.wcnf","maxino2018",3600,1751.22921945936,857.627341281694
"gen_mult_4_4_9999.wcnf","Open.WBO.g",3600,1839.10943683281,534.708306601143
"gen_mult_4_4_9999.wcnf","Open.WBO.ms",1586.25,1622.23999980633,485.790452850781
"gen_mult_4_4_9999.wcnf","Open.WBO.ms.pre",218.58,1359.75561171247,391.090804595261
"gen_mult_4_4_9999.wcnf","QMaxSAT2018",3600,2513.86185187898,273.478317663125
"gen_mult_4_4_9999.wcnf","UWrMaxSat.1.0",3600,1627.31497424122,434.460349420703
