"InstanceName","Solver","ActualRuntime","PredictedRuntime","Prediction_StandardError"
"gen_mult_3_5_9999.wcnf","MaxHS",1245.71,1995.90759977702,2193.89154370581
"gen_mult_3_5_9999.wcnf","maxino2018",3600,2340.39460956109,1260.32854930847
"gen_mult_3_5_9999.wcnf","Open.WBO.g",3600,2703.79351023627,1832.07740871599
"gen_mult_3_5_9999.wcnf","Open.WBO.ms",3600,2463.01244609249,1406.86842892681
"gen_mult_3_5_9999.wcnf","Open.WBO.ms.pre",3600,2571.36627226797,1414.94580004981
"gen_mult_3_5_9999.wcnf","QMaxSAT2018",3600,2684.85704783032,1123.71741179215
"gen_mult_3_5_9999.wcnf","UWrMaxSat.1.0",3600,2791.14792915326,2306.25730617129
