"InstanceName","Solver","ActualRuntime","PredictedRuntime","Prediction_StandardError"
"GenHyperTW_s208.wcnf","MaxHS",3600,2156.33859754876,360.343800897532
"GenHyperTW_s208.wcnf","maxino2018",3600,1630.70351546906,353.825647755745
"GenHyperTW_s208.wcnf","Open.WBO.g",3600,1664.78724465397,441.161941900656
"GenHyperTW_s208.wcnf","Open.WBO.ms",3600,1543.95449904194,339.735605409415
"GenHyperTW_s208.wcnf","Open.WBO.ms.pre",3600,1377.05732217834,273.708184400911
"GenHyperTW_s208.wcnf","QMaxSAT2018",3600,1793.5348213845,372.919039669137
"GenHyperTW_s208.wcnf","UWrMaxSat.1.0",3600,1571.28451382096,169.836718507336
