"InstanceName","Solver","ActualRuntime","PredictedRuntime","Prediction_StandardError"
"k50-23-49rnapre.wcnf","MaxHS",63.58,1293.03905022654,1771.10590304297
"k50-23-49rnapre.wcnf","maxino2018",45.01,1176.91051615728,1090.83782889557
"k50-23-49rnapre.wcnf","Open.WBO.g",28.25,1210.0481099922,2372.06459771674
"k50-23-49rnapre.wcnf","Open.WBO.ms",33.06,892.743197207921,1554.41012666074
"k50-23-49rnapre.wcnf","Open.WBO.ms.pre",39.56,680.319875804107,1557.7735968537
"k50-23-49rnapre.wcnf","QMaxSAT2018",1.96,1655.49968538796,3142.84930213535
"k50-23-49rnapre.wcnf","UWrMaxSat.1.0",0.54,865.390076882772,1859.21585346503
