"InstanceName","Solver","ActualRuntime","PredictedRuntime","Prediction_StandardError"
"k50-40-60rnapre.wcnf","MaxHS",57.03,955.252111876676,0
"k50-40-60rnapre.wcnf","maxino2018",29.1,483.161914791098,0
"k50-40-60rnapre.wcnf","Open.WBO.g",147.02,626.113312139704,540.347590455401
"k50-40-60rnapre.wcnf","Open.WBO.ms",100.5,516.99598839998,941.580398770479
"k50-40-60rnapre.wcnf","Open.WBO.ms.pre",48.23,228.152180995724,73.3718471910547
"k50-40-60rnapre.wcnf","QMaxSAT2018",1.15,1481.99053452421,1227.34849016458
"k50-40-60rnapre.wcnf","UWrMaxSat.1.0",0.51,429.478775883652,597.875343920185
