"InstanceName","Solver","ActualRuntime","PredictedRuntime","Prediction_StandardError"
"maxcut-140-630-07-48.wcnf","MaxHS",3600,1818.42320994142,1067.65094132769
"maxcut-140-630-07-48.wcnf","maxino2018",3600,2577.66373273568,719.654793687502
"maxcut-140-630-07-48.wcnf","Open.WBO.g",3600,2458.58647476432,1096.86304454496
"maxcut-140-630-07-48.wcnf","Open.WBO.ms",3600,2361.53382112505,806.735500747251
"maxcut-140-630-07-48.wcnf","Open.WBO.ms.pre",3600,2568.10633547133,476.287322970045
"maxcut-140-630-07-48.wcnf","QMaxSAT2018",3600,3222.67294320847,0
"maxcut-140-630-07-48.wcnf","UWrMaxSat.1.0",3600,2481.76014832577,1007.47297422785
