"InstanceName","Solver","ActualRuntime","PredictedRuntime","Prediction_StandardError"
"maxcut-140-630-08-34.wcnf","MaxHS",3600,1176.43671504333,1244.63877533253
"maxcut-140-630-08-34.wcnf","maxino2018",3600,2277.33625626421,1429.70959344661
"maxcut-140-630-08-34.wcnf","Open.WBO.g",3600,1241.01288013111,0
"maxcut-140-630-08-34.wcnf","Open.WBO.ms",3600,1358.37906609333,1482.01016044965
"maxcut-140-630-08-34.wcnf","Open.WBO.ms.pre",3600,1615.70027293954,0
"maxcut-140-630-08-34.wcnf","QMaxSAT2018",3600,2928.33115703354,1543.15374418167
"maxcut-140-630-08-34.wcnf","UWrMaxSat.1.0",3600,1080.79288563561,154.248856129976
