"InstanceName","Solver","ActualRuntime","PredictedRuntime","Prediction_StandardError"
"maxcut-140-630-07-15.wcnf","MaxHS",3600,1204.54532752013,4685.35232142619
"maxcut-140-630-07-15.wcnf","maxino2018",3600,2124.09512092912,3105.3834932667
"maxcut-140-630-07-15.wcnf","Open.WBO.g",3600,1725.75012626321,4028.36788798771
"maxcut-140-630-07-15.wcnf","Open.WBO.ms",3600,1776.97584955311,3375.28829128366
"maxcut-140-630-07-15.wcnf","Open.WBO.ms.pre",3600,1675.37942268253,3439.26324554399
"maxcut-140-630-07-15.wcnf","QMaxSAT2018",3600,2919.85016586515,1848.10794631143
"maxcut-140-630-07-15.wcnf","UWrMaxSat.1.0",3600,1705.9593577669,3551.99357804319
