"InstanceName","Solver","ActualRuntime","PredictedRuntime","Prediction_StandardError"
"maxcut-140-630-08-36.wcnf","MaxHS",3600,1214.95678627732,1025.29659080814
"maxcut-140-630-08-36.wcnf","maxino2018",3600,2137.33815893303,604.737982398001
"maxcut-140-630-08-36.wcnf","Open.WBO.g",3600,1889.47801337152,0
"maxcut-140-630-08-36.wcnf","Open.WBO.ms",3600,1733.65023065262,457.17821178875
"maxcut-140-630-08-36.wcnf","Open.WBO.ms.pre",3600,1771.39184177484,745.157890218369
"maxcut-140-630-08-36.wcnf","QMaxSAT2018",3600,2827.88333488906,775.382299610303
"maxcut-140-630-08-36.wcnf","UWrMaxSat.1.0",3600,2025.70971121873,0
