"InstanceName","Solver","ActualRuntime","PredictedRuntime","Prediction_StandardError"
"MinFill_R3_miles750.wcnf","MaxHS",3600,2275.01663104616,574.045023167398
"MinFill_R3_miles750.wcnf","maxino2018",3600,2229.71375527172,1285.61249409893
"MinFill_R3_miles750.wcnf","Open.WBO.g",3600,2081.42542878556,395.989667892139
"MinFill_R3_miles750.wcnf","Open.WBO.ms",3600,2387.5595620235,1139.49281820634
"MinFill_R3_miles750.wcnf","Open.WBO.ms.pre",3600,2329.55202655297,1456.91837105032
"MinFill_R3_miles750.wcnf","QMaxSAT2018",3600,2474.14371952884,525.540004992698
"MinFill_R3_miles750.wcnf","UWrMaxSat.1.0",3600,1882.97248179393,1109.70500906741
