"InstanceName","Solver","ActualRuntime","PredictedRuntime","Prediction_StandardError"
"orb08-894-1058.wcnf","MaxHS",22.98,1026.48496767743,637.391011465723
"orb08-894-1058.wcnf","maxino2018",10.4,506.07056178066,817.643187282923
"orb08-894-1058.wcnf","Open.WBO.g",10.28,1037.2291068844,1344.32561726446
"orb08-894-1058.wcnf","Open.WBO.ms",120.26,802.435841575092,0
"orb08-894-1058.wcnf","Open.WBO.ms.pre",64.58,692.286010939511,1030.14565499825
"orb08-894-1058.wcnf","QMaxSAT2018",7.66,1681.36045977211,1142.03362242299
"orb08-894-1058.wcnf","UWrMaxSat.1.0",10.96,470.11584111127,651.496004297642
