"InstanceName","Solver","ActualRuntime","PredictedRuntime","Prediction_StandardError"
"ram_k4_n19ra0.wcnf","MaxHS",3600,3428.0265018315,423.458293312193
"ram_k4_n19ra0.wcnf","maxino2018",3600,3411.69576556777,404.419761285078
"ram_k4_n19ra0.wcnf","Open.WBO.g",3600,3357.29912087912,464.588892701647
"ram_k4_n19ra0.wcnf","Open.WBO.ms",3600,3307.91385347985,260.306742357777
"ram_k4_n19ra0.wcnf","Open.WBO.ms.pre",3600,3455.94311985445,595.818519056312
"ram_k4_n19ra0.wcnf","QMaxSAT2018",3600,3268.12539834167,1303.17164205704
"ram_k4_n19ra0.wcnf","UWrMaxSat.1.0",3600,3306.23713410443,487.944709278193
