"InstanceName","Solver","ActualRuntime","PredictedRuntime","Prediction_StandardError"
"rand308_l2.wcnf","MaxHS",0.7,1612.88634252734,1710.97023736612
"rand308_l2.wcnf","maxino2018",0.35,1100.9493837903,993.199008394829
"rand308_l2.wcnf","Open.WBO.g",0.23,945.995616139092,1238.72491392748
"rand308_l2.wcnf","Open.WBO.ms",0.27,1179.47314515283,1435.28090956465
"rand308_l2.wcnf","Open.WBO.ms.pre",0.26,744.828675226484,1776.40767421463
"rand308_l2.wcnf","QMaxSAT2018",9.66,1117.11800969562,1349.35670797626
"rand308_l2.wcnf","UWrMaxSat.1.0",0.5,1041.16332036306,1632.88079762433
