"InstanceName","Solver","ActualRuntime","PredictedRuntime","Prediction_StandardError"
"rand717_l2.wcnf","MaxHS",1.18,1022.42636189707,1123.48090833738
"rand717_l2.wcnf","maxino2018",0.93,899.511823359521,885.005504981069
"rand717_l2.wcnf","Open.WBO.g",0.36,933.420295081086,1417.29142904988
"rand717_l2.wcnf","Open.WBO.ms",0.39,660.455755961564,1487.42408170501
"rand717_l2.wcnf","Open.WBO.ms.pre",0.41,451.53108610318,770.303890165895
"rand717_l2.wcnf","QMaxSAT2018",14.35,1234.46162516266,2364.11607970635
"rand717_l2.wcnf","UWrMaxSat.1.0",1.54,595.784555789176,1180.48809279187
