"InstanceName","Solver","ActualRuntime","PredictedRuntime","Prediction_StandardError"
"rand313_l2.wcnf","MaxHS",0.78,415.99988433934,0
"rand313_l2.wcnf","maxino2018",0.99,351.676326392535,545.057012653767
"rand313_l2.wcnf","Open.WBO.g",0.41,286.484820156724,0
"rand313_l2.wcnf","Open.WBO.ms",0.49,235.480507817637,118.721879735242
"rand313_l2.wcnf","Open.WBO.ms.pre",0.41,212.219410170102,107.718889464611
"rand313_l2.wcnf","QMaxSAT2018",10.06,233.122686721885,393.927992820448
"rand313_l2.wcnf","UWrMaxSat.1.0",1.87,277.63290920333,39.0898295539901
