"InstanceName","Solver","ActualRuntime","PredictedRuntime","Prediction_StandardError"
"rand209_l2.wcnf","MaxHS",0.79,835.414867357105,1068.12990261553
"rand209_l2.wcnf","maxino2018",0.69,613.720107970806,227.315882585481
"rand209_l2.wcnf","Open.WBO.g",0.25,658.082118411064,602.463102315333
"rand209_l2.wcnf","Open.WBO.ms",0.32,360.402160761262,909.64788077309
"rand209_l2.wcnf","Open.WBO.ms.pre",0.35,439.196771095965,835.463115276819
"rand209_l2.wcnf","QMaxSAT2018",10.24,675.847690794354,999.281503536567
"rand209_l2.wcnf","UWrMaxSat.1.0",0.99,534.472122533907,729.896244428983
