"InstanceName","Solver","ActualRuntime","PredictedRuntime","Prediction_StandardError"
"rand984_l2.wcnf","MaxHS",1.14,1116.52693955338,1708.03183209634
"rand984_l2.wcnf","maxino2018",0.67,1061.43692513758,1471.44015964548
"rand984_l2.wcnf","Open.WBO.g",0.3,815.042068659418,1645.7054997361
"rand984_l2.wcnf","Open.WBO.ms",0.35,981.110030921331,1927.14828046137
"rand984_l2.wcnf","Open.WBO.ms.pre",0.39,598.549777810511,1329.97260652763
"rand984_l2.wcnf","QMaxSAT2018",4.91,804.952905890241,1967.18813147177
"rand984_l2.wcnf","UWrMaxSat.1.0",1.22,827.792186447631,1556.80749136308
