"InstanceName","Solver","ActualRuntime","PredictedRuntime","Prediction_StandardError"
"rev66-8.wcnf","MaxHS",3600,1170.10135109421,320.772826141328
"rev66-8.wcnf","maxino2018",53.78,991.513447184578,447.175481784192
"rev66-8.wcnf","Open.WBO.g",36.98,935.306151201576,0
"rev66-8.wcnf","Open.WBO.ms",50.06,843.860174215724,318.043063804887
"rev66-8.wcnf","Open.WBO.ms.pre",44.79,812.780759862669,236.546260477796
"rev66-8.wcnf","QMaxSAT2018",19.5,1216.52241245746,371.991769496148
"rev66-8.wcnf","UWrMaxSat.1.0",42.99,905.195695022224,323.958729495385
