"InstanceName","Solver","ActualRuntime","PredictedRuntime","Prediction_StandardError"
"rev66-26.wcnf","MaxHS",3600,1149.92832083439,421.562776430162
"rev66-26.wcnf","maxino2018",3600,1042.2751272742,266.274956679144
"rev66-26.wcnf","Open.WBO.g",3600,1245.27693806122,391.988585920836
"rev66-26.wcnf","Open.WBO.ms",3600,1131.60847778254,495.615069786914
"rev66-26.wcnf","Open.WBO.ms.pre",3600,994.614220806644,155.68382919452
"rev66-26.wcnf","QMaxSAT2018",3600,1656.95339822013,806.898578546595
"rev66-26.wcnf","UWrMaxSat.1.0",3600,990.416594378215,252.529736047513
