"InstanceName","Solver","ActualRuntime","PredictedRuntime","Prediction_StandardError"
"rev66-16.wcnf","MaxHS",3600,983.283406709714,0
"rev66-16.wcnf","maxino2018",3600,1445.98584101199,753.671900439287
"rev66-16.wcnf","Open.WBO.g",3600,1311.35215478419,2592.04576194543
"rev66-16.wcnf","Open.WBO.ms",3600,1732.3204224866,1754.61156363778
"rev66-16.wcnf","Open.WBO.ms.pre",3600,1169.31653046881,1836.49810352783
"rev66-16.wcnf","QMaxSAT2018",3600,1752.27432772908,1364.40990706164
"rev66-16.wcnf","UWrMaxSat.1.0",3600,685.534422364497,0
