"InstanceName","Solver","ActualRuntime","PredictedRuntime","Prediction_StandardError"
"rev66-12.wcnf","MaxHS",3600,861.260912155025,360.639647478888
"rev66-12.wcnf","maxino2018",3600,774.173543420678,591.658678474713
"rev66-12.wcnf","Open.WBO.g",3600,596.576736711699,329.938676522726
"rev66-12.wcnf","Open.WBO.ms",893.42,544.562371143338,0
"rev66-12.wcnf","Open.WBO.ms.pre",977.49,453.646665887922,300.781244232828
"rev66-12.wcnf","QMaxSAT2018",3112.28,684.953566716876,0
"rev66-12.wcnf","UWrMaxSat.1.0",3600,636.38320130438,264.78503715951
