"InstanceName","Solver","ActualRuntime","PredictedRuntime","Prediction_StandardError"
"rev66-10.wcnf","MaxHS",3600,1200.53309916798,776.462227428347
"rev66-10.wcnf","maxino2018",247.69,1516.6106377857,1042.8304958082
"rev66-10.wcnf","Open.WBO.g",116.59,1411.7122428503,1443.33366621998
"rev66-10.wcnf","Open.WBO.ms",103.04,1211.32355777402,902.7856175712
"rev66-10.wcnf","Open.WBO.ms.pre",109.82,1175.33619180438,1018.50757264066
"rev66-10.wcnf","QMaxSAT2018",89.78,1575.61720501982,1025.08564044304
"rev66-10.wcnf","UWrMaxSat.1.0",161.91,1037.69820985745,1437.98935380273
