"InstanceName","Solver","ActualRuntime","PredictedRuntime","Prediction_StandardError"
"rev66-32.wcnf","MaxHS",3600,1440.44725984592,1597.07459298917
"rev66-32.wcnf","maxino2018",3600,1189.36692412184,1697.30879649075
"rev66-32.wcnf","Open.WBO.g",3600,1929.38836080018,1408.28964045413
"rev66-32.wcnf","Open.WBO.ms",3600,1753.93631537119,933.731145830276
"rev66-32.wcnf","Open.WBO.ms.pre",3600,928.789819718345,1577.94496594511
"rev66-32.wcnf","QMaxSAT2018",3600,2375.13416305658,2277.77167079914
"rev66-32.wcnf","UWrMaxSat.1.0",3600,1399.70686245462,0
