"InstanceName","Solver","ActualRuntime","PredictedRuntime","Prediction_StandardError"
"rev66-22.wcnf","MaxHS",3600,1591.91312564964,0
"rev66-22.wcnf","maxino2018",3600,1333.03555240625,151.63996565951
"rev66-22.wcnf","Open.WBO.g",3600,1457.91784398857,1324.42765016113
"rev66-22.wcnf","Open.WBO.ms",3600,1350.0970549508,0
"rev66-22.wcnf","Open.WBO.ms.pre",3600,1479.53850669584,394.120098745985
"rev66-22.wcnf","QMaxSAT2018",3600,2362.50951447219,1662.23607835049
"rev66-22.wcnf","UWrMaxSat.1.0",3600,1178.75386553825,903.9006446672
