"InstanceName","Solver","ActualRuntime","PredictedRuntime","Prediction_StandardError"
"rev66-28.wcnf","MaxHS",3600,1797.4500285534,876.14052406422
"rev66-28.wcnf","maxino2018",3600,1139.36445800084,1704.52374562962
"rev66-28.wcnf","Open.WBO.g",3600,1714.61370282075,1122.89974285197
"rev66-28.wcnf","Open.WBO.ms",3600,1477.2353380307,1257.48482204471
"rev66-28.wcnf","Open.WBO.ms.pre",3600,1250.3340941463,1724.37619406065
"rev66-28.wcnf","QMaxSAT2018",3600,2333.02591329206,1890.03877310046
"rev66-28.wcnf","UWrMaxSat.1.0",3600,1313.9629993759,2073.08913523918
