"InstanceName","Solver","ActualRuntime","PredictedRuntime","Prediction_StandardError"
"rev66-14.wcnf","MaxHS",3600,692.209324795302,780.559401631979
"rev66-14.wcnf","maxino2018",3600,734.348348896362,1581.99099126194
"rev66-14.wcnf","Open.WBO.g",3600,1085.0983321714,1460.85888846648
"rev66-14.wcnf","Open.WBO.ms",3600,495.277920740962,0
"rev66-14.wcnf","Open.WBO.ms.pre",3600,276.834374333217,508.228954874565
"rev66-14.wcnf","QMaxSAT2018",3600,983.647688370246,2128.71071449375
"rev66-14.wcnf","UWrMaxSat.1.0",3600,706.600594277927,1253.39105653931
