"InstanceName","Solver","ActualRuntime","PredictedRuntime","Prediction_StandardError"
"rev66-24.wcnf","MaxHS",3600,1279.96518220691,477.213498695325
"rev66-24.wcnf","maxino2018",3600,1265.86581939747,1024.42709103124
"rev66-24.wcnf","Open.WBO.g",3600,1294.5150139852,859.231932124428
"rev66-24.wcnf","Open.WBO.ms",3600,1299.6910247195,986.291302912135
"rev66-24.wcnf","Open.WBO.ms.pre",3600,1334.70649508984,1018.56243707925
"rev66-24.wcnf","QMaxSAT2018",3600,2209.36179218806,0
"rev66-24.wcnf","UWrMaxSat.1.0",3600,1313.91200116382,0
