"InstanceName","Solver","ActualRuntime","PredictedRuntime","Prediction_StandardError"
"rev66-30.wcnf","MaxHS",3600,1890.1358498549,0
"rev66-30.wcnf","maxino2018",3600,2254.75128106213,834.224318203285
"rev66-30.wcnf","Open.WBO.g",3600,2257.55230178653,734.791961927823
"rev66-30.wcnf","Open.WBO.ms",3600,1939.20032967312,427.082187874129
"rev66-30.wcnf","Open.WBO.ms.pre",3600,2225.23434949096,0
"rev66-30.wcnf","QMaxSAT2018",3600,2739.05998899386,577.827436645354
"rev66-30.wcnf","UWrMaxSat.1.0",3600,1987.74360250094,930.496579801784
