"InstanceName","Solver","ActualRuntime","PredictedRuntime","Prediction_StandardError"
"san1000clq.wcnf","MaxHS",2.02,1207.25930261737,58.4585372764223
"san1000clq.wcnf","maxino2018",3600,1382.54440967238,670.615592689745
"san1000clq.wcnf","Open.WBO.g",41.14,1311.71883348229,343.913164621146
"san1000clq.wcnf","Open.WBO.ms",61.94,1201.76962966697,327.412841557409
"san1000clq.wcnf","Open.WBO.ms.pre",216.72,1062.92717196043,370.902058503517
"san1000clq.wcnf","QMaxSAT2018",3600,1843.21111323411,409.858896480936
"san1000clq.wcnf","UWrMaxSat.1.0",3.35,1054.74180875814,572.343340404544
