"InstanceName","Solver","ActualRuntime","PredictedRuntime","Prediction_StandardError"
"san200_09_3clq.wcnf","MaxHS",0.29,409.408951349643,478.871102143832
"san200_09_3clq.wcnf","maxino2018",3600,1027.58623421015,781.850806034852
"san200_09_3clq.wcnf","Open.WBO.g",968.19,1184.43399626329,795.059507500678
"san200_09_3clq.wcnf","Open.WBO.ms",760.59,1005.30291647668,985.131490511217
"san200_09_3clq.wcnf","Open.WBO.ms.pre",1833.3,1012.53149884369,0
"san200_09_3clq.wcnf","QMaxSAT2018",3600,2159.26054123583,283.833203736276
"san200_09_3clq.wcnf","UWrMaxSat.1.0",4.36,903.262846254504,705.618978460722
