"InstanceName","Solver","ActualRuntime","PredictedRuntime","Prediction_StandardError"
"SAT_RACE08__cnf__ibm-2004-01-k90cnfwcnf10.wcnf","MaxHS",9.47,1111.3097865541,412.435352992779
"SAT_RACE08__cnf__ibm-2004-01-k90cnfwcnf10.wcnf","maxino2018",2.66,1155.24269023828,155.673961822948
"SAT_RACE08__cnf__ibm-2004-01-k90cnfwcnf10.wcnf","Open.WBO.g",257.04,1365.76682406516,311.083933785929
"SAT_RACE08__cnf__ibm-2004-01-k90cnfwcnf10.wcnf","Open.WBO.ms",421.56,1249.66941674853,402.936855691202
"SAT_RACE08__cnf__ibm-2004-01-k90cnfwcnf10.wcnf","Open.WBO.ms.pre",319.06,1089.74708549733,319.694298357705
"SAT_RACE08__cnf__ibm-2004-01-k90cnfwcnf10.wcnf","QMaxSAT2018",3600,1863.44501760359,221.924053433435
"SAT_RACE08__cnf__ibm-2004-01-k90cnfwcnf10.wcnf","UWrMaxSat.1.0",1.03,1045.14823278418,211.566644807855
