"InstanceName","Solver","ActualRuntime","PredictedRuntime","Prediction_StandardError"
"spi-debugdimacs.wcnf","MaxHS",49.93,2314.20973429502,251.589900125927
"spi-debugdimacs.wcnf","maxino2018",40.04,1558.54399166205,275.039472411395
"spi-debugdimacs.wcnf","Open.WBO.g",5.28,1675.4371224887,332.183362682759
"spi-debugdimacs.wcnf","Open.WBO.ms",560.51,1519.61583167047,291.819176463155
"spi-debugdimacs.wcnf","Open.WBO.ms.pre",177.04,1387.153064107,413.954271383319
"spi-debugdimacs.wcnf","QMaxSAT2018",599.16,1764.46098643445,303.904049295551
"spi-debugdimacs.wcnf","UWrMaxSat.1.0",12.69,1513.76108124422,304.87896501985
