"InstanceName","Solver","ActualRuntime","PredictedRuntime","Prediction_StandardError"
"sudoku.wcnf","MaxHS",2371.9,2024.62294542969,615.457537830489
"sudoku.wcnf","maxino2018",2.92,1572.20908433282,843.517261810587
"sudoku.wcnf","Open.WBO.g",6.35,1652.49254877879,1910.12841808451
"sudoku.wcnf","Open.WBO.ms",148.85,1604.61654403102,676.094585457275
"sudoku.wcnf","Open.WBO.ms.pre",20.39,1403.40646581849,987.236115333386
"sudoku.wcnf","QMaxSAT2018",3.37,1906.59276953231,1143.99922596863
"sudoku.wcnf","UWrMaxSat.1.0",4.73,1614.31102813765,1280.84558146873
