"InstanceName","Solver","ActualRuntime","PredictedRuntime","Prediction_StandardError"
"synthetic-12.wcnf","MaxHS",0.21,532.335167216653,660.373103356049
"synthetic-12.wcnf","maxino2018",0.95,632.277594327056,577.857499651867
"synthetic-12.wcnf","Open.WBO.g",0.08,499.9612294367,0
"synthetic-12.wcnf","Open.WBO.ms",0.11,698.417877783828,703.850895048536
"synthetic-12.wcnf","Open.WBO.ms.pre",0.33,656.465135415758,580.482052419005
"synthetic-12.wcnf","QMaxSAT2018",20.08,1131.44087451191,1368.75642992944
"synthetic-12.wcnf","UWrMaxSat.1.0",0.19,612.489545839313,1382.98051962144
