"InstanceName","Solver","ActualRuntime","PredictedRuntime","Prediction_StandardError"
"TEAMS20_l10aacnf.wcnf","MaxHS",3.14,159.32773225957,622.242526615915
"TEAMS20_l10aacnf.wcnf","maxino2018",0.38,50.3719199346405,107.579159009776
"TEAMS20_l10aacnf.wcnf","Open.WBO.g",5.74,1911.17093137255,2236.23498313804
"TEAMS20_l10aacnf.wcnf","Open.WBO.ms",29.59,1879.16749541508,2151.53421612992
"TEAMS20_l10aacnf.wcnf","Open.WBO.ms.pre",0.49,2674.29338235294,1784.48205160533
"TEAMS20_l10aacnf.wcnf","QMaxSAT2018",13.01,2847.63039215686,1385.14936566304
"TEAMS20_l10aacnf.wcnf","UWrMaxSat.1.0",0.28,100.215245616133,536.574514430857
