"InstanceName","Solver","ActualRuntime","PredictedRuntime","Prediction_StandardError"
"threshold128_6.wcnf","MaxHS",33.14,40.8785685086754,13.6035162980145
"threshold128_6.wcnf","maxino2018",128.96,229.511951524515,173.459037909588
"threshold128_6.wcnf","Open.WBO.g",84.28,132.429314145354,61.4467805936231
"threshold128_6.wcnf","Open.WBO.ms",50.12,86.4386438055159,32.8748438461932
"threshold128_6.wcnf","Open.WBO.ms.pre",3600,3600,0
"threshold128_6.wcnf","QMaxSAT2018",3600,3572.83625954198,187.629267638292
"threshold128_6.wcnf","UWrMaxSat.1.0",66.91,143.515073057138,72.2908278144083
