"InstanceName","Solver","ActualRuntime","PredictedRuntime","Prediction_StandardError"
"TWComp_queen6_6_N36.wcnf","MaxHS",3600,1973.62516180059,764.000739972675
"TWComp_queen6_6_N36.wcnf","maxino2018",3600,2112.06479552486,503.603581857088
"TWComp_queen6_6_N36.wcnf","Open.WBO.g",3600,2074.20055245742,360.785907944996
"TWComp_queen6_6_N36.wcnf","Open.WBO.ms",3600,1618.5385520008,1910.22916691966
"TWComp_queen6_6_N36.wcnf","Open.WBO.ms.pre",3600,2187.28788405433,2417.18611378047
"TWComp_queen6_6_N36.wcnf","QMaxSAT2018",3600,2120.04384186034,1467.82074866266
"TWComp_queen6_6_N36.wcnf","UWrMaxSat.1.0",3600,1935.30320470512,910.044429881512
