"InstanceName","Solver","ActualRuntime","PredictedRuntime","Prediction_StandardError"
"TWComp_win95pts_N76.wcnf","MaxHS",6.1,2621.44359131409,1003.91710051171
"TWComp_win95pts_N76.wcnf","maxino2018",2.86,1870.82014160594,1160.42165730646
"TWComp_win95pts_N76.wcnf","Open.WBO.g",1.13,2073.84246818231,1870.14984937862
"TWComp_win95pts_N76.wcnf","Open.WBO.ms",20.68,2398.76123305251,1534.90005499615
"TWComp_win95pts_N76.wcnf","Open.WBO.ms.pre",25.83,2339.12388706725,893.689122316307
"TWComp_win95pts_N76.wcnf","QMaxSAT2018",0.86,2669.45848719047,717.336287028615
"TWComp_win95pts_N76.wcnf","UWrMaxSat.1.0",3.4,1905.21947609164,2017.28706424861
