"InstanceName","Solver","ActualRuntime","PredictedRuntime","Prediction_StandardError"
"TWComp_1dj7_N73.wcnf","MaxHS",3600,1994.71493034068,404.019215807711
"TWComp_1dj7_N73.wcnf","maxino2018",3600,1386.62016875531,0
"TWComp_1dj7_N73.wcnf","Open.WBO.g",3600,1237.45676037276,686.57561102446
"TWComp_1dj7_N73.wcnf","Open.WBO.ms",3600,1170.52028377925,492.724020080739
"TWComp_1dj7_N73.wcnf","Open.WBO.ms.pre",2938.17,1118.5529391725,511.575800617087
"TWComp_1dj7_N73.wcnf","QMaxSAT2018",3600,1700.42370733146,300.754688017207
"TWComp_1dj7_N73.wcnf","UWrMaxSat.1.0",3600,1195.05169929753,0
