"InstanceName","Solver","ActualRuntime","PredictedRuntime","Prediction_StandardError"
"TWComp_1dp_N76.wcnf","MaxHS",3600,1691.20237402001,2411.60481156193
"TWComp_1dp_N76.wcnf","maxino2018",3600,957.08873847311,1466.79313345712
"TWComp_1dp_N76.wcnf","Open.WBO.g",3600,961.449083714239,2873.46803533055
"TWComp_1dp_N76.wcnf","Open.WBO.ms",3600,900.721975121367,1293.49876529515
"TWComp_1dp_N76.wcnf","Open.WBO.ms.pre",3519.09,722.283534799142,2242.63242992573
"TWComp_1dp_N76.wcnf","QMaxSAT2018",3600,1824.06008954638,1624.95638313746
"TWComp_1dp_N76.wcnf","UWrMaxSat.1.0",3600,521.102590954117,1259.22327881894
