"InstanceName","Solver","ActualRuntime","PredictedRuntime","Prediction_StandardError"
"TWComp_david_N87.wcnf","MaxHS",16.38,1849.94891992218,640.589888331467
"TWComp_david_N87.wcnf","maxino2018",10.52,1256.22809466294,652.397094370728
"TWComp_david_N87.wcnf","Open.WBO.g",10.71,1362.67689667671,541.958411113945
"TWComp_david_N87.wcnf","Open.WBO.ms",61.25,1078.11077364375,948.266115685987
"TWComp_david_N87.wcnf","Open.WBO.ms.pre",47.84,1177.00065640292,551.800084151573
"TWComp_david_N87.wcnf","QMaxSAT2018",6.75,2594.04272327139,709.053065632047
"TWComp_david_N87.wcnf","UWrMaxSat.1.0",23.75,1010.26560352782,682.496734108726
