"InstanceName","Solver","ActualRuntime","PredictedRuntime","Prediction_StandardError"
"TWComp_1c75_N69.wcnf","MaxHS",3600,1781.21554940957,1218.64122095914
"TWComp_1c75_N69.wcnf","maxino2018",3600,901.299555386743,1823.73956772148
"TWComp_1c75_N69.wcnf","Open.WBO.g",3600,1317.83001887625,0
"TWComp_1c75_N69.wcnf","Open.WBO.ms",3600,1188.91551288342,426.959693824816
"TWComp_1c75_N69.wcnf","Open.WBO.ms.pre",3600,1073.44752865718,2726.18774839807
"TWComp_1c75_N69.wcnf","QMaxSAT2018",3600,636.298504632687,1494.15938183459
"TWComp_1c75_N69.wcnf","UWrMaxSat.1.0",3600,1183.54357840963,1348.63561040481
