"InstanceName","Solver","ActualRuntime","PredictedRuntime","Prediction_StandardError"
"TWComp_celar02_N100.wcnf","MaxHS",16.69,2150.6695596652,309.890582633217
"TWComp_celar02_N100.wcnf","maxino2018",7.73,1576.85466278879,89.5778983651592
"TWComp_celar02_N100.wcnf","Open.WBO.g",1.62,1608.21504274234,317.080970792203
"TWComp_celar02_N100.wcnf","Open.WBO.ms",38.15,1572.70434581697,351.763787166866
"TWComp_celar02_N100.wcnf","Open.WBO.ms.pre",26.92,1446.14818798714,308.965395235803
"TWComp_celar02_N100.wcnf","QMaxSAT2018",0.94,1883.46061542497,473.775412698659
"TWComp_celar02_N100.wcnf","UWrMaxSat.1.0",9.22,1496.63470186822,247.472643728345
