"InstanceName","Solver","ActualRuntime","PredictedRuntime","Prediction_StandardError"
"TWComp_1en2_N69.wcnf","MaxHS",330.68,2346.68801478672,2717.72698611044
"TWComp_1en2_N69.wcnf","maxino2018",297.57,1185.2064793097,2336.18846128269
"TWComp_1en2_N69.wcnf","Open.WBO.g",486.43,1107.86504735237,4839.92750004863
"TWComp_1en2_N69.wcnf","Open.WBO.ms",513.87,1497.72071078706,4266.80169415948
"TWComp_1en2_N69.wcnf","Open.WBO.ms.pre",351.94,1422.41049295406,3816.51347995574
"TWComp_1en2_N69.wcnf","QMaxSAT2018",147.88,1284.66848578123,3083.93482882131
"TWComp_1en2_N69.wcnf","UWrMaxSat.1.0",596.14,1306.92968471025,5763.72553885991
