"InstanceName","Solver","ActualRuntime","PredictedRuntime","Prediction_StandardError"
"TWComp_miles500_N128.wcnf","MaxHS",203.92,2024.62294542969,615.457537830489
"TWComp_miles500_N128.wcnf","maxino2018",159.38,1572.20908433282,843.517261810587
"TWComp_miles500_N128.wcnf","Open.WBO.g",548.36,1652.49254877879,1910.12841808451
"TWComp_miles500_N128.wcnf","Open.WBO.ms",739.87,1604.61654403102,676.094585457275
"TWComp_miles500_N128.wcnf","Open.WBO.ms.pre",476.35,1403.40646581849,987.236115333386
"TWComp_miles500_N128.wcnf","QMaxSAT2018",141.57,1906.59276953231,1143.99922596863
"TWComp_miles500_N128.wcnf","UWrMaxSat.1.0",135.84,1614.31102813765,1280.84558146873
