"InstanceName","Solver","ActualRuntime","PredictedRuntime","Prediction_StandardError"
"TWComp_eil51tsp_N51.wcnf","MaxHS",1869.15,1145.80846107809,589.569012289008
"TWComp_eil51tsp_N51.wcnf","maxino2018",2364.68,1077.89218446645,0
"TWComp_eil51tsp_N51.wcnf","Open.WBO.g",3276.12,1367.47235284953,423.151457824513
"TWComp_eil51tsp_N51.wcnf","Open.WBO.ms",1165.04,1261.03896169323,287.07117714001
"TWComp_eil51tsp_N51.wcnf","Open.WBO.ms.pre",796.02,1057.86862974218,360.595470998558
"TWComp_eil51tsp_N51.wcnf","QMaxSAT2018",270.25,2009.57880875153,560.462762336066
"TWComp_eil51tsp_N51.wcnf","UWrMaxSat.1.0",302.26,1149.05011680672,487.625303680816
