"InstanceName","Solver","ActualRuntime","PredictedRuntime","Prediction_StandardError"
"we.wcnf","MaxHS",3600,2060.75327331887,456.004410506771
"we.wcnf","maxino2018",3600,1611.27042375167,473.196812981745
"we.wcnf","Open.WBO.g",3600,1644.47956399726,303.015464942846
"we.wcnf","Open.WBO.ms",3600,1555.43597494799,269.796543417287
"we.wcnf","Open.WBO.ms.pre",3600,1352.82415832501,172.430887410443
"we.wcnf","QMaxSAT2018",3600,1913.48935800914,231.335708044918
"we.wcnf","UWrMaxSat.1.0",3600,1554.64747336816,451.464826037998
