"InstanceName","Solver","ActualRuntime","PredictedRuntime","Prediction_StandardError"
"wolfram80_1.wcnf","MaxHS",23.57,83.6326087962963,449.899647876795
"wolfram80_1.wcnf","maxino2018",96.44,53.7996265432099,61.1058629233016
"wolfram80_1.wcnf","Open.WBO.g",62.31,37.2497494121105,11.5971363024679
"wolfram80_1.wcnf","Open.WBO.ms",94.87,126.696496362434,134.412608729694
"wolfram80_1.wcnf","Open.WBO.ms.pre",3600,3534.09544753086,92.1938069081366
"wolfram80_1.wcnf","QMaxSAT2018",3600,3527.21013844797,384.277257064963
"wolfram80_1.wcnf","UWrMaxSat.1.0",16.29,16.6024794973545,7.64375436253986
