"InstanceName","Solver","ActualRuntime","PredictedRuntime","Prediction_StandardError"
"wolfram72_8.wcnf","MaxHS",18.18,4.38340952380952,6.40377946854389
"wolfram72_8.wcnf","maxino2018",18.22,8.25045238095238,13.0062439474892
"wolfram72_8.wcnf","Open.WBO.g",22.79,22.3571074829932,10.0900321539502
"wolfram72_8.wcnf","Open.WBO.ms",65.81,62.5588272108844,35.7104761062738
"wolfram72_8.wcnf","Open.WBO.ms.pre",3600,3600,0
"wolfram72_8.wcnf","QMaxSAT2018",3600,3600,0
"wolfram72_8.wcnf","UWrMaxSat.1.0",4.27,4.52036666666667,2.10072406390917
